0, -0.0569489, 0.130963, 1.3081
0.0487411, -0.0569489, 0.130772, 1.30695
0.0993249, -0.0569489, 0.130772, 1.30599
0.150588, -0.0569489, 0.130772, 1.30503
0.202245, -0.0569489, 0.130963, 1.30388
0.250706, -0.0569489, 0.13058, 1.30292
0.302253, -0.0569489, 0.130772, 1.30177
0.353078, -0.0569489, 0.130772, 1.30062
0.445792, -0.0569489, 0.130963, 1.29966
0.451694, -0.0569489, 0.130388, 1.2987
0.503203, -0.0569489, 0.130388, 1.29774
0.55492, -0.0569489, 0.13058, 1.2964
0.604131, -0.0565654, 0.130196, 1.29525
0.654123, -0.0567571, 0.130196, 1.29429
0.703883, -0.0565654, 0.130388, 1.29333
0.755709, -0.0567571, 0.130388, 1.29199
0.807011, -0.0563736, 0.130005, 1.29123
0.85538, -0.0565654, 0.130005, 1.28988
0.951213, -0.0563736, 0.130196, 1.28892
0.958052, -0.0563736, 0.130196, 1.28777
1.00897, -0.0563736, 0.129813, 1.28681
1.05886, -0.0561819, 0.129813, 1.28566
1.1111, -0.0563736, 0.130005, 1.28471
1.16038, -0.0561819, 0.130196, 1.28356
1.21058, -0.0561819, 0.129813, 1.2826
1.26122, -0.0563736, 0.129813, 1.28164
1.31326, -0.0563736, 0.130005, 1.28049
1.36189, -0.0563736, 0.130196, 1.27953
1.41133, -0.0561819, 0.129621, 1.27838
1.46234, -0.0561819, 0.129813, 1.27742
1.51316, -0.0561819, 0.130005, 1.27627
1.60688, -0.0561819, 0.129429, 1.27531
1.61298, -0.0559902, 0.129621, 1.27416
1.6636, -0.0559902, 0.129621, 1.27301
1.71549, -0.0559902, 0.129813, 1.27186
1.76571, -0.0559902, 0.129429, 1.2709
1.81539, -0.0559902, 0.129429, 1.26994
1.86609, -0.0559902, 0.129621, 1.26879
1.91833, -0.0559902, 0.129238, 1.26783
1.96665, -0.0559902, 0.127895, 1.26745
2.01759, -0.0550314, 0.124827, 1.26802
2.06723, -0.0550314, 0.120225, 1.27071
2.11812, -0.0567571, 0.117733, 1.26937
2.16919, -0.0579076, 0.118308, 1.26726
2.22057, -0.0582911, 0.118308, 1.26515
2.27073, -0.0580994, 0.118308, 1.26534
2.32032, -0.0557984, 0.118308, 1.26553
2.37113, -0.0544562, 0.117541, 1.26419
2.42142, -0.0531139, 0.117349, 1.264
2.47383, -0.0536892, 0.117157, 1.26457
2.52177, -0.0552232, 0.115815, 1.26246
2.57237, -0.0561819, 0.117541, 1.26035
2.62327, -0.0565654, 0.120801, 1.25901
2.67411, -0.0573324, 0.123102, 1.2592
2.72403, -0.0565654, 0.123869, 1.25844
2.77372, -0.0557984, 0.122335, 1.25729
2.82461, -0.0548397, 0.121568, 1.2569
2.87645, -0.0533057, 0.121184, 1.25767
2.92631, -0.0517717, 0.117924, 1.25786
2.97605, -0.0521552, 0.119267, 1.25594
3.02899, -0.0529222, 0.121376, 1.25383
3.07872, -0.0534974, 0.125019, 1.25249
3.12743, -0.0536892, 0.128279, 1.24981
3.17837, -0.0538809, 0.129621, 1.24866
3.23016, -0.0542644, 0.128854, 1.24904
3.28023, -0.0548397, 0.127895, 1.24827
3.32893, -0.0548397, 0.127895, 1.24808
3.37971, -0.0538809, 0.128854, 1.24866
3.43151, -0.0531139, 0.13058, 1.2454
3.48175, -0.05158, 0.131155, 1.24425
3.53235, -0.050046, 0.132306, 1.2454
3.58236, -0.0465945, 0.135949, 1.24482
3.63366, -0.0444853, 0.140167, 1.2429
3.6827, -0.0427596, 0.139784, 1.2408
3.73341, -0.0421844, 0.142085, 1.24099
3.78324, -0.0408421, 0.146878, 1.24041
3.83633, -0.0398834, 0.15033, 1.23849
3.88532, -0.0389247, 0.150905, 1.23543
3.9349, -0.0391164, 0.149371, 1.23313
3.9857, -0.0412256, 0.147645, 1.23121
4.03842, -0.0416091, 0.149754, 1.22967
4.08829, -0.0416091, 0.152439, 1.2291
4.13723, -0.0404586, 0.154356, 1.22718
4.18832, -0.0396917, 0.157424, 1.22335
4.23881, -0.0391164, 0.15915, 1.2197
4.28858, -0.0379659, 0.161068, 1.21932
4.3395, -0.0377742, 0.166053, 1.22124
4.39029, -0.0383494, 0.170655, 1.22028
4.44005, -0.0412256, 0.173723, 1.21721
4.4909, -0.0412256, 0.177366, 1.21299
4.54217, -0.0373907, 0.185419, 1.21184
4.59259, -0.0314465, 0.193089, 1.2128
4.64174, -0.0262694, 0.199225, 1.2105
4.69253, -0.0232014, 0.205169, 1.20571
4.743, -0.0232014, 0.206128, 1.20436
4.79478, -0.0260776, 0.202485, 1.20379
4.84368, -0.0291456, 0.1998, 1.20283
4.89525, -0.03183, 0.19865, 1.20053
4.94736, -0.0329805, 0.200567, 1.1965
4.9973, -0.0308713, 0.205553, 1.19516
5.0459, -0.0278033, 0.208621, 1.19573
5.09578, -0.0251189, 0.209963, 1.19497
5.14839, -0.0239684, 0.213223, 1.19228
5.19945, -0.0230097, 0.216866, 1.18749
5.24744, -0.0222427, 0.217633, 1.185
5.29876, -0.0209004, 0.2184, 1.18519
5.34987, -0.0180242, 0.222235, 1.18461
5.39995, -0.0155315, 0.231822, 1.18212
5.44953, -0.0103543, 0.246012, 1.17886
5.5008, -0.000191747, 0.264803, 1.17809
5.55226, 0.0126553, 0.281485, 1.17963
5.6012, 0.0187912, 0.288196, 1.18155
5.65241, 0.0191747, 0.290497, 1.18385
5.70257, 0.0178325, 0.290113, 1.18346
5.75253, 0.0162985, 0.289922, 1.1827
5.80393, 0.0164903, 0.29088, 1.18155
5.85315, 0.0178325, 0.292414, 1.18116
5.90417, 0.0199417, 0.29414, 1.18135
5.95572, 0.0212839, 0.295482, 1.18116
6.00545, 0.0212839, 0.296058, 1.18001
6.05528, 0.0216674, 0.302002, 1.17656
6.10781, 0.0218592, 0.307371, 1.1733
6.15701, 0.0207087, 0.310247, 1.1733
6.20704, 0.0180242, 0.310055, 1.17349
6.25781, 0.0139975, 0.310439, 1.17215
6.30843, 0.0132306, 0.31274, 1.17234
6.35936, 0.0149563, 0.315616, 1.17273
6.40804, 0.0185995, 0.319067, 1.16966
6.45899, 0.0201334, 0.320409, 1.16697
6.5114, 0.0214757, 0.322519, 1.16563
6.55961, 0.0235849, 0.324436, 1.16429
6.61084, 0.0253106, 0.32597, 1.16218
6.66019, 0.0224344, 0.324053, 1.16065
6.71216, 0.018216, 0.319067, 1.16065
6.76194, 0.0168737, 0.3183, 1.1618
6.81347, 0.018983, 0.316958, 1.16237
6.86257, 0.0220509, 0.315616, 1.16256
6.91487, 0.0235849, 0.314849, 1.16122
6.96316, 0.0255024, 0.313507, 1.1616
7.01406, 0.0274198, 0.313315, 1.16237
7.06687, 0.0291456, 0.313507, 1.16314
7.1167, 0.030296, 0.31389, 1.16333
7.1655, 0.0297208, 0.315424, 1.1618
7.21701, 0.0281868, 0.317341, 1.15969
7.26815, 0.0268446, 0.319451, 1.15911
7.32071, 0.0283786, 0.322327, 1.15873
7.36836, 0.0308713, 0.323861, 1.15758
7.41766, 0.0327888, 0.32482, 1.15547
7.47019, 0.0343227, 0.326929, 1.15393
7.51844, 0.0362402, 0.327888, 1.15336
7.56907, 0.0375824, 0.329613, 1.15298
7.62053, 0.0371989, 0.329422, 1.1524
7.67096, 0.034898, 0.330956, 1.15144
7.72175, 0.0327888, 0.332681, 1.15067
7.81543, 0.031063, 0.336708, 1.15067
7.82263, 0.0293373, 0.340735, 1.14991
7.87405, 0.0283786, 0.342269, 1.14972
7.92301, 0.0279951, 0.340735, 1.14933
7.97387, 0.0289538, 0.338242, 1.14761
8.02588, 0.0314465, 0.3369, 1.14703
8.07536, 0.0331722, 0.337091, 1.14569
8.12432, 0.034131, 0.337858, 1.14396
8.17513, 0.0347062, 0.340159, 1.14262
8.22702, 0.034898, 0.341885, 1.14032
8.27576, 0.0335557, 0.342652, 1.13821
8.32666, 0.0308713, 0.343994, 1.13725
8.37745, 0.0272281, 0.347446, 1.13649
8.42972, 0.0233931, 0.353582, 1.13591
8.47814, 0.0207087, 0.359334, 1.13649
8.52778, 0.0199417, 0.363169, 1.13629
8.57972, 0.0205169, 0.36547, 1.13533
8.63081, 0.01975, 0.365086, 1.13342
8.68063, 0.0199417, 0.363169, 1.13131
8.73014, 0.0203252, 0.361827, 1.12958
8.78108, 0.0209004, 0.359334, 1.12747
8.83312, 0.0222427, 0.357992, 1.12651
8.88178, 0.0247354, 0.356458, 1.12613
8.93158, 0.0264611, 0.355307, 1.12479
8.98485, 0.0274198, 0.353965, 1.12306
9.0359, 0.0279951, 0.35454, 1.12153
9.08404, 0.0283786, 0.355307, 1.12095
9.13385, 0.0291456, 0.357417, 1.12115
9.18676, 0.0312548, 0.359334, 1.12057
9.23552, 0.0337475, 0.361827, 1.11961
9.28656, 0.0350897, 0.363169, 1.11789
9.33666, 0.0337475, 0.362594, 1.11616
9.38868, 0.030296, 0.359334, 1.11424
9.43676, 0.0268446, 0.353582, 1.11252
9.48803, 0.0245436, 0.347446, 1.11156
9.53741, 0.0228179, 0.343419, 1.1106
9.59141, 0.0214757, 0.34131, 1.10964
9.63936, 0.0212839, 0.340926, 1.10945
9.68996, 0.0218592, 0.343036, 1.10887
9.74094, 0.0216674, 0.344761, 1.10734
9.79157, 0.0212839, 0.344761, 1.106
9.8424, 0.0203252, 0.343227, 1.10485
9.89165, 0.0191747, 0.340926, 1.10389
9.94406, 0.0176407, 0.339009, 1.10293
9.99389, 0.015915, 0.338242, 1.10178
10.0426, 0.0141893, 0.336516, 1.10005
10.0936, 0.0115048, 0.33364, 1.0989
10.1453, 0.00786163, 0.329422, 1.09756
10.1942, 0.00460193, 0.325011, 1.09603
10.2451, 0.00268446, 0.321176, 1.09603
10.2968, 0.00153398, 0.317341, 1.09468
10.3466, -0.000575241, 0.311781, 1.092
10.3954, -0.00249271, 0.305453, 1.09008
10.4463, -0.0036432, 0.300659, 1.08778
10.4975, -0.00191747, 0.29299, 1.08701
10.5479, 0.00115048, 0.284553, 1.08663
10.5978, 0.00460193, 0.275349, 1.08433
10.6499, 0.00632765, 0.272473, 1.08356
10.6994, 0.00536892, 0.271514, 1.0828
10.7516, 0.00402669, 0.268062, 1.08107
10.7992, 0.00249271, 0.265186, 1.08049
10.8498, 0.000958736, 0.26231, 1.07915
10.9032, -0.000958736, 0.260201, 1.07781
10.9535, -0.00230097, 0.2579, 1.07685
11.0014, -0.00249271, 0.253106, 1.0757
11.0521, -0.00230097, 0.246587, 1.07398
11.1469, -0.00210922, 0.239684, 1.0711
11.1538, -0.00153398, 0.232397, 1.06803
11.2048, 0.000191747, 0.223002, 1.06535
11.2544, 0.00498542, 0.211305, 1.06535
11.3052, 0.00901211, 0.199609, 1.06381
11.3551, 0.0109296, 0.19098, 1.06074
11.4488, 0.0097791, 0.184461, 1.05844
11.4573, 0.00613591, 0.178325, 1.05614
11.5076, 0.00306795, 0.171805, 1.05327
11.5578, 0.00230097, 0.162985, 1.05192
11.6094, 0.00345145, 0.152247, 1.05039
11.658, 0.00460193, 0.14266, 1.04809
11.7101, 0.00402669, 0.134798, 1.04483
11.7593, 0.00134223, 0.127704, 1.04176
11.8099, -0.00383494, 0.12291, 1.04023
11.8624, -0.00958736, 0.119267, 1.03889
11.9124, -0.014381, 0.113898, 1.03697
11.9614, -0.0178325, 0.107378, 1.03524
12.0119, -0.0203252, 0.100475, 1.03428
12.063, -0.0218592, 0.0939561, 1.0339
12.1125, -0.0233931, 0.0885872, 1.03294
12.1621, -0.0258859, 0.0843687, 1.03141
12.213, -0.0293373, 0.0830265, 1.03026
12.2648, -0.033364, 0.0830265, 1.02968
12.3149, -0.0368154, 0.0828348, 1.02891
12.4117, -0.0416091, 0.0830265, 1.02796
12.4611, -0.0473615, 0.08341, 1.02757
12.4662, -0.0546479, 0.0845605, 1.02738
12.5159, -0.0628931, 0.0851357, 1.02642
12.5678, -0.0705629, 0.0845605, 1.02546
12.6178, -0.0757401, 0.0816843, 1.0247
12.6697, -0.0778493, 0.0751649, 1.0245
12.7184, -0.0770823, 0.0665362, 1.0245
12.8119, -0.0753566, 0.0592499, 1.02412
12.8216, -0.0770823, 0.0554149, 1.02278
12.8719, -0.0820678, 0.0536892, 1.02086
12.9195, -0.0868614, 0.0534974, 1.01856
12.9704, -0.0897376, 0.0517717, 1.0153
13.0232, -0.0882037, 0.0454441, 1.01242
13.0721, -0.0847522, 0.0366237, 1.01108
13.1218, -0.0851357, 0.0278033, 1.00706
13.1718, -0.0887789, 0.0264611, 1.00034
13.2233, -0.0926139, 0.0291456, 0.997085
13.2733, -0.0987498, 0.0304878, 0.994592
13.3232, -0.106995, 0.0327888, 0.990566
13.374, -0.11409, 0.0327888, 0.989032
13.4258, -0.117157, 0.0260776, 0.988648
13.4767, -0.118116, 0.0209004, 0.987689
13.5255, -0.11965, 0.0187912, 0.987306
13.6201, -0.123869, 0.01975, 0.987306
13.6288, -0.126937, 0.0203252, 0.987498
13.678, -0.125978, 0.0199417, 0.989223
13.7279, -0.122718, 0.0224344, 0.994017
13.7808, -0.119842, 0.0283786, 1.00034
13.8301, -0.1185, 0.0316383, 1.00629
13.8803, -0.117541, 0.0329805, 1.01338
13.9303, -0.116774, 0.0337475, 1.02048
13.9822, -0.116582, 0.0339392, 1.027
14.0306, -0.115815, 0.0335557, 1.03428
14.0806, -0.11409, 0.0327888, 1.04368
14.1313, -0.112364, 0.034131, 1.05423
14.1831, -0.111789, 0.0370072, 1.064
14.2333, -0.111022, 0.0387329, 1.0734
14.2831, -0.108912, 0.0406504, 1.08145
14.3337, -0.10642, 0.0429514, 1.08989
14.3855, -0.105844, 0.0471698, 1.09775
14.438, -0.105653, 0.0504295, 1.10466
14.4841, -0.105844, 0.0529222, 1.11022
14.5351, -0.106036, 0.0556067, 1.11635
14.5879, -0.107378, 0.0584829, 1.12134
14.6366, -0.109488, 0.0617426, 1.12441
14.6863, -0.110063, 0.0642353, 1.12709
14.7375, -0.108145, 0.0671115, 1.12977
14.789, -0.107187, 0.0676867, 1.13227
14.8395, -0.108337, 0.0684537, 1.13265
14.8902, -0.110638, 0.0717134, 1.13188
14.9406, -0.112556, 0.0743979, 1.1315
14.9904, -0.112747, 0.0768906, 1.12997
15.0401, -0.11198, 0.0776576, 1.12958
15.09, -0.111405, 0.0797668, 1.12882
15.1419, -0.111789, 0.080342, 1.12747
15.1923, -0.112556, 0.079575, 1.12613
15.2414, -0.111213, 0.0832182, 1.12709
15.2923, -0.109104, 0.0860945, 1.12728
15.3443, -0.105653, 0.0880119, 1.12671
15.3945, -0.102585, 0.0895459, 1.12728
15.4438, -0.101051, 0.0897376, 1.12766
15.4936, -0.100092, 0.0887789, 1.12671
15.5452, -0.100284, 0.0889707, 1.12594
15.5963, -0.101434, 0.0893542, 1.12441
15.6464, -0.10316, 0.0910799, 1.12345
15.6959, -0.104502, 0.0924221, 1.12364
15.7478, -0.105461, 0.0928056, 1.12364
15.7976, -0.106228, 0.0926139, 1.12345
15.8484, -0.106995, 0.0937643, 1.12345
15.8996, -0.105844, 0.0945313, 1.12402
15.9493, -0.103543, 0.0941478, 1.12441
15.9998, -0.101818, 0.0926139, 1.12325
16.05, -0.101626, 0.0916551, 1.1221
16.1015, -0.101818, 0.0903129, 1.12038
16.1513, -0.100475, 0.0872449, 1.11942
16.2011, -0.0989415, 0.0851357, 1.12019
16.2519, -0.0975993, 0.0839852, 1.11904
16.3041, -0.096257, 0.0813008, 1.11904
16.3527, -0.0954901, 0.0799585, 1.11827
16.4044, -0.0949148, 0.0828348, 1.11635
16.4532, -0.0941478, 0.0860945, 1.1152
16.5063, -0.0943396, 0.0874367, 1.11367
16.5551, -0.0943396, 0.0876284, 1.11232
16.6051, -0.0939561, 0.0889707, 1.11271
16.658, -0.0926139, 0.0922304, 1.11175
16.7074, -0.0903129, 0.0975993, 1.11079
16.7561, -0.0876284, 0.10316, 1.10983
16.8058, -0.0859027, 0.106611, 1.10849
16.8579, -0.0864779, 0.108912, 1.10696
16.909, -0.0880119, 0.110638, 1.10561
16.9585, -0.0895459, 0.112556, 1.10619
17.0083, -0.0899294, 0.115432, 1.106
17.06, -0.0891624, 0.116774, 1.10504
17.1105, -0.0883954, 0.117541, 1.10523
17.1612, -0.0889707, 0.115048, 1.10446
17.2115, -0.0899294, 0.111597, 1.10331
17.2623, -0.0901211, 0.109871, 1.10312
17.3112, -0.0895459, 0.109296, 1.10312
17.362, -0.0897376, 0.110255, 1.10005
17.4118, -0.0916551, 0.110063, 1.09794
17.4647, -0.0949148, 0.108529, 1.09699
17.514, -0.0979828, 0.107187, 1.09526
17.5632, -0.099325, 0.107762, 1.0943
17.6172, -0.101051, 0.108337, 1.09277
17.6682, -0.101818, 0.110063, 1.09142
17.7165, -0.100284, 0.113323, 1.09258
17.7655, -0.0974075, 0.117541, 1.09181
17.8182, -0.0956818, 0.11965, 1.09008
17.8673, -0.0951066, 0.121376, 1.08855
17.9182, -0.0945313, 0.123102, 1.08836
17.9683, -0.0912716, 0.124827, 1.08932
18.0198, -0.0874367, 0.124252, 1.09085
18.069, -0.0847522, 0.122143, 1.09162
18.1652, -0.0836017, 0.117349, 1.09219
18.1702, -0.08341, 0.113323, 1.09181
18.2211, -0.0822595, 0.11198, 1.09142
18.271, -0.079575, 0.112556, 1.09085
18.3207, -0.0784246, 0.11409, 1.08816
18.3716, -0.0791916, 0.116007, 1.08375
18.4234, -0.0814925, 0.117733, 1.08222
18.4724, -0.0836017, 0.120225, 1.08203
18.5229, -0.0847522, 0.118883, 1.08203
18.5763, -0.0859027, 0.116966, 1.0803
18.6248, -0.0870532, 0.114473, 1.07992
18.6735, -0.0887789, 0.111213, 1.08049
18.7244, -0.0905046, 0.11198, 1.07954
18.7772, -0.0920386, 0.11083, 1.07762
18.8281, -0.0931891, 0.110255, 1.07532
18.877, -0.0926139, 0.110063, 1.0757
18.9266, -0.0908881, 0.108145, 1.078
18.9784, -0.0891624, 0.105653, 1.07896
19.0288, -0.0876284, 0.102201, 1.07915
19.0781, -0.0868614, 0.101434, 1.07858
19.1289, -0.0864779, 0.0999002, 1.078
19.1812, -0.085711, 0.097024, 1.07704
19.2309, -0.084944, 0.0933808, 1.07589
19.2795, -0.084944, 0.0918469, 1.07436
19.3301, -0.0866697, 0.0941478, 1.07225
19.3811, -0.0897376, 0.0997085, 1.07052
19.4309, -0.0897376, 0.101242, 1.07129
19.5296, -0.0870532, 0.103352, 1.07091
19.5775, -0.0830265, 0.105653, 1.06995
19.5833, -0.0801503, 0.105461, 1.0711
19.6333, -0.0797668, 0.102968, 1.07129
19.6844, -0.0814925, 0.102201, 1.06995
19.737, -0.0809173, 0.102585, 1.06899
19.7857, -0.0766988, 0.106228, 1.06822
19.8359, -0.0686455, 0.116966, 1.06746
19.8853, -0.0602086, 0.129621, 1.0665
19.9372, -0.0529222, 0.138633, 1.06573
19.9861, -0.049279, 0.14381, 1.0642
20.0388, -0.0496625, 0.146303, 1.06055
20.0878, -0.0506212, 0.150521, 1.05787
20.1396, -0.050046, 0.151864, 1.05844
20.1883, -0.0504295, 0.150138, 1.05998
20.2392, -0.0521552, 0.146878, 1.05844
20.289, -0.0569489, 0.140359, 1.05595
20.3408, -0.0661528, 0.127128, 1.05518
20.3907, -0.0743979, 0.114473, 1.05538
20.4416, -0.0797668, 0.107762, 1.05557
20.4928, -0.0807255, 0.106228, 1.05403
20.5437, -0.0801503, 0.109488, 1.05135
20.5921, -0.081109, 0.113131, 1.04694
20.6428, -0.0839852, 0.117157, 1.04157
20.6957, -0.084944, 0.123677, 1.03908
20.7463, -0.0855192, 0.129813, 1.03908
20.7943, -0.0864779, 0.13499, 1.03658
20.8457, -0.0878202, 0.138825, 1.03294
20.896, -0.0908881, 0.140934, 1.03179
20.9458, -0.0947231, 0.143235, 1.03256
20.999, -0.0997085, 0.142276, 1.03256
21.0465, -0.101626, 0.140167, 1.03313
21.0973, -0.100859, 0.137674, 1.03467
21.1487, -0.0983663, 0.133648, 1.0362
21.1989, -0.0945313, 0.131539, 1.03658
21.2492, -0.0868614, 0.131539, 1.03831
21.302, -0.0743979, 0.135565, 1.04176
21.351, -0.0573324, 0.145536, 1.0433
21.4003, -0.0387329, 0.161835, 1.04119
21.4513, -0.0226262, 0.175832, 1.03582
21.5011, -0.0128471, 0.185228, 1.02911
21.5519, -0.00786163, 0.188296, 1.02048
21.604, -0.00862862, 0.186378, 1.01779
21.6547, -0.0124636, 0.181968, 1.01914
21.7042, -0.0170655, 0.176599, 1.01837
21.7532, -0.0228179, 0.168162, 1.01645
21.805, -0.0297208, 0.159917, 1.0153
21.8558, -0.0331722, 0.156466, 1.01607
21.9047, -0.033364, 0.154932, 1.01588
21.9545, -0.0283786, 0.158191, 1.01568
22.0052, -0.0226262, 0.16567, 1.01549
22.0572, -0.0178325, 0.173915, 1.01377
22.1072, -0.013614, 0.179667, 1.01166
22.1567, -0.0101626, 0.182927, 1.01127
22.2075, -0.00901211, 0.182735, 1.01262
22.2585, -0.00920386, 0.181776, 1.01127
22.3085, -0.00997085, 0.178708, 1.00936
22.3592, -0.0101626, 0.176791, 1.00859
22.4102, -0.0101626, 0.173531, 1.00763
22.4608, -0.0124636, 0.167012, 1.00648
22.5097, -0.0164903, 0.161835, 1.00571
22.5606, -0.0214757, 0.158, 1.00418
22.6138, -0.0239684, 0.155699, 1.00303
22.6632, -0.0241601, 0.154548, 1.00226
22.7135, -0.0239684, 0.15033, 1.00207
22.8096, -0.0237766, 0.149371, 1.00169
22.8156, -0.0218592, 0.15033, 1.00188
22.8646, -0.0185995, 0.152055, 1.00226
22.9146, -0.0157233, 0.151672, 1.0013
22.964, -0.015148, 0.151288, 0.999194
23.0159, -0.0138058, 0.152247, 0.998235
23.066, -0.0103543, 0.153014, 0.998044
23.1168, -0.00402669, 0.15589, 0.998235
23.1664, 0.00210922, 0.158383, 0.998044
23.2204, 0.00594416, 0.157424, 0.996893
23.2687, 0.0101626, 0.160109, 0.996893
23.3181, 0.0128471, 0.16241, 0.996126
23.3678, 0.0149563, 0.159534, 0.995167
23.421, 0.015148, 0.156466, 0.994592
23.4696, 0.0147645, 0.153973, 0.992291
23.5192, 0.0134223, 0.15148, 0.990182
23.5728, 0.0113131, 0.149371, 0.989223
23.6223, 0.00920386, 0.147837, 0.988456
23.6719, 0.00882037, 0.14707, 0.987881
23.7215, 0.0097791, 0.147454, 0.987114
23.7748, 0.0111213, 0.148604, 0.987689
23.8233, 0.0122718, 0.147837, 0.989032
23.874, 0.0128471, 0.145536, 0.989799
23.9239, 0.013614, 0.143427, 0.98884
23.9766, 0.0157233, 0.143619, 0.986731
24.0246, 0.0184077, 0.144961, 0.984621
24.0757, 0.0207087, 0.147262, 0.982704
24.1251, 0.0207087, 0.148988, 0.981937
24.1781, 0.0180242, 0.149754, 0.980019
24.2271, 0.013614, 0.149371, 0.976185
24.278, 0.00958736, 0.149946, 0.973308
24.3287, 0.00671115, 0.149946, 0.973117
24.3795, 0.00498542, 0.148604, 0.974075
24.4292, 0.00345145, 0.145344, 0.974842
24.4792, 0.0032597, 0.141701, 0.975226
24.5319, 0.00306795, 0.137483, 0.976185
24.5817, 0.00441018, 0.135757, 0.975801
24.6305, 0.00728639, 0.13614, 0.974075
24.6805, 0.0109296, 0.13825, 0.973308
24.7333, 0.0147645, 0.141126, 0.9735
24.7822, 0.0187912, 0.144769, 0.973117
24.8329, 0.0237766, 0.147645, 0.972925
24.8834, 0.0278033, 0.149563, 0.972158
24.9347, 0.0320218, 0.153973, 0.969857
24.9834, 0.0379659, 0.161259, 0.968131
25.0342, 0.0433348, 0.167012, 0.968515
25.0858, 0.0462111, 0.168929, 0.968898
25.1359, 0.0467863, 0.170463, 0.967364
25.1858, 0.0456358, 0.171038, 0.964488
25.2355, 0.0437183, 0.171422, 0.962379
25.2865, 0.0408421, 0.170655, 0.961612
25.3387, 0.0370072, 0.168162, 0.961228
25.3871, 0.0354732, 0.167203, 0.961612
25.4387, 0.0373907, 0.167203, 0.961803
25.4877, 0.0406504, 0.166628, 0.96142
25.5407, 0.0429514, 0.164519, 0.960845
25.5893, 0.0450606, 0.162218, 0.960078
25.6841, 0.0475533, 0.161068, 0.959503
25.6918, 0.0494708, 0.159917, 0.958352
25.7418, 0.0506212, 0.159534, 0.956243
25.7917, 0.0513882, 0.158767, 0.954709
25.8414, 0.0513882, 0.159342, 0.9526
25.8934, 0.0510047, 0.161835, 0.950682
25.9436, 0.0494708, 0.162985, 0.948573
25.9929, 0.047745, 0.164136, 0.947231
26.0438, 0.0473615, 0.165861, 0.947039
26.0957, 0.0481285, 0.167012, 0.946655
26.1457, 0.0488955, 0.167779, 0.945888
26.1954, 0.0496625, 0.171422, 0.945121
26.2471, 0.050813, 0.174682, 0.944355
26.2969, 0.0529222, 0.177174, 0.944738
26.3471, 0.0544562, 0.178133, 0.945888
26.3977, 0.0559902, 0.180626, 0.944546
26.4503, 0.0582911, 0.18331, 0.944355
26.4993, 0.0605921, 0.184269, 0.943971
26.5481, 0.0628931, 0.185803, 0.943396
26.5988, 0.0638518, 0.185419, 0.942437
26.6517, 0.0638518, 0.183694, 0.941287
26.7006, 0.0630848, 0.181968, 0.938986
26.7506, 0.0617426, 0.179475, 0.936876
26.8003, 0.0604003, 0.177558, 0.935918
26.8542, 0.0592499, 0.176407, 0.935342
26.902, 0.0588664, 0.174106, 0.935918
26.9534, 0.0582911, 0.173148, 0.935726
27.0026, 0.0575241, 0.173339, 0.934
27.0544, 0.0575241, 0.173339, 0.933233
27.1053, 0.0571406, 0.172764, 0.93285
27.1541, 0.0557984, 0.173339, 0.932083
27.2048, 0.0531139, 0.174682, 0.930549
27.2577, 0.0513882, 0.175257, 0.929398
27.3055, 0.0517717, 0.174873, 0.932083
27.3564, 0.0521552, 0.175065, 0.933041
27.4074, 0.0529222, 0.176024, 0.931699
27.4591, 0.0536892, 0.176024, 0.930549
27.5079, 0.0563736, 0.176791, 0.930549
27.558, 0.0592499, 0.176791, 0.931507
27.6103, 0.0604003, 0.177174, 0.930549
27.6597, 0.0598251, 0.176791, 0.929206
27.7097, 0.0590581, 0.175065, 0.929398
27.76, 0.0592499, 0.17449, 0.928631
27.8118, 0.0592499, 0.174873, 0.927673
27.8617, 0.0579076, 0.17449, 0.927097
27.9119, 0.0561819, 0.175257, 0.925755
27.9625, 0.0544562, 0.177366, 0.925563
28.0142, 0.0531139, 0.178708, 0.925755
28.063, 0.0540727, 0.176599, 0.926139
28.1149, 0.0565654, 0.172189, 0.925947
28.1639, 0.0586746, 0.167779, 0.924413
28.2167, 0.0617426, 0.163177, 0.924029
28.2643, 0.065961, 0.160684, 0.925372
28.36, 0.0707547, 0.160492, 0.92518
28.3662, 0.0740144, 0.160492, 0.924605
28.418, 0.0761236, 0.159917, 0.924221
28.4667, 0.0768906, 0.158383, 0.924221
28.5176, 0.0765071, 0.157424, 0.923838
28.5686, 0.0736309, 0.155507, 0.922304
28.6181, 0.0694125, 0.151672, 0.920578
28.668, 0.0653858, 0.148796, 0.920386
28.7189, 0.0628931, 0.148604, 0.920194
28.7706, 0.0619343, 0.150521, 0.920194
28.8215, 0.0617426, 0.150905, 0.921537
28.871, 0.0613591, 0.15148, 0.922304
28.9211, 0.0607838, 0.153206, 0.921153
28.9742, 0.0594416, 0.154356, 0.919427
29.0232, 0.0580994, 0.154356, 0.919619
29.0727, 0.0582911, 0.158383, 0.92077
29.1224, 0.0590581, 0.162985, 0.921537
29.1745, 0.0584829, 0.164711, 0.921153
29.2241, 0.0565654, 0.163177, 0.921345
29.2739, 0.0548397, 0.160876, 0.922112
29.3247, 0.0548397, 0.158958, 0.923454
29.3765, 0.0557984, 0.158, 0.924988
29.4263, 0.0567571, 0.157424, 0.926139
29.4761, 0.0577159, 0.157616, 0.926714
29.5281, 0.0588664, 0.156657, 0.929015
29.5778, 0.0594416, 0.156657, 0.932083
29.6277, 0.0596334, 0.154932, 0.934575
29.6784, 0.0577159, 0.153014, 0.938602
29.7306, 0.0554149, 0.15148, 0.943971
29.7791, 0.0519635, 0.148796, 0.95049
29.8299, 0.052347, 0.146687, 0.958352
29.8815, 0.0533057, 0.145728, 0.965447
29.9327, 0.0546479, 0.146111, 0.971966
29.9804, 0.0575241, 0.145344, 0.976952
30.0317, 0.0613591, 0.145728, 0.983279
30.082, 0.0669197, 0.146495, 0.991524
30.1349, 0.0724804, 0.144769, 0.998619
30.1841, 0.0778493, 0.141126, 1.0036
30.2337, 0.0813008, 0.1394, 1.00686
30.2867, 0.0832182, 0.140167, 1.0107
30.3362, 0.081876, 0.142085, 1.01664
30.385, 0.0799585, 0.143427, 1.02412
30.4348, 0.0780411, 0.147262, 1.03007
30.4875, 0.0782328, 0.148988, 1.03524
30.5378, 0.0807255, 0.147454, 1.0408
30.5863, 0.0847522, 0.143427, 1.04617
30.6376, 0.0903129, 0.137099, 1.05135
30.6889, 0.0954901, 0.13058, 1.05633
30.7393, 0.0972158, 0.125786, 1.06094
30.7901, 0.0972158, 0.122718, 1.06458
30.8406, 0.0939561, 0.123677, 1.0688
30.8915, 0.0897376, 0.124444, 1.07398
30.9841, 0.0843687, 0.125403, 1.07915
30.9899, 0.0786163, 0.126937, 1.08318
31.0408, 0.0736309, 0.128471, 1.0874
31.0926, 0.0713299, 0.126745, 1.09258
31.1414, 0.0717134, 0.12291, 1.0989
31.1923, 0.0740144, 0.117349, 1.10446
31.243, 0.0776576, 0.110638, 1.10926
31.295, 0.0782328, 0.10642, 1.11271
31.3436, 0.0770823, 0.105077, 1.11578
31.3948, 0.0713299, 0.109871, 1.1198
31.4465, 0.064427, 0.113131, 1.12479
31.4964, 0.0611673, 0.11409, 1.13016
31.5461, 0.0598251, 0.112556, 1.13629
31.597, 0.0609756, 0.108337, 1.14166
31.6476, 0.0621261, 0.104502, 1.14646
31.6976, 0.0630848, 0.100475, 1.15163
31.7483, 0.0646188, 0.0974075, 1.15777
31.7994, 0.0661528, 0.0945313, 1.16256
31.85, 0.0657693, 0.0945313, 1.16659
31.8987, 0.064427, 0.0960653, 1.17157
31.9498, 0.0617426, 0.099325, 1.17675
32.0005, 0.0588664, 0.101818, 1.18155
32.0515, 0.0580994, 0.101626, 1.18461
32.1013, 0.0586746, 0.0989415, 1.18691
32.1509, 0.0579076, 0.097024, 1.18634
32.205, 0.0575241, 0.0958736, 1.18461
32.2525, 0.0580994, 0.0937643, 1.18423
32.3024, 0.0602086, 0.0887789, 1.18346
32.3532, 0.0623178, 0.0839852, 1.18231
32.4057, 0.0630848, 0.0805338, 1.18116
32.4548, 0.0619343, 0.0799585, 1.1804
32.5047, 0.0598251, 0.0807255, 1.17905
32.5545, 0.0580994, 0.082643, 1.17886
32.6073, 0.0571406, 0.0836017, 1.17905
32.6563, 0.0567571, 0.08341, 1.17829
32.7069, 0.0569489, 0.0820678, 1.17714
32.7569, 0.0567571, 0.0820678, 1.17675
32.8098, 0.0557984, 0.0816843, 1.17599
32.8575, 0.0552232, 0.0799585, 1.17503
32.9083, 0.0557984, 0.0788081, 1.17426
32.9606, 0.0571406, 0.0776576, 1.17407
33.0098, 0.0579076, 0.0751649, 1.17407
33.061, 0.0577159, 0.0715217, 1.17253
33.1117, 0.0577159, 0.0711382, 1.17196
33.1615, 0.0577159, 0.0724804, 1.17138
33.2133, 0.0573324, 0.0740144, 1.17023
33.2625, 0.0557984, 0.0743979, 1.16889
33.3128, 0.0538809, 0.0740144, 1.16793
33.3647, 0.05158, 0.0736309, 1.16716
33.4144, 0.0496625, 0.0730556, 1.16659
33.4647, 0.048512, 0.0720969, 1.16678
33.5153, 0.0483203, 0.0720969, 1.16601
33.566, 0.047745, 0.0717134, 1.16563
33.6158, 0.0471698, 0.0707547, 1.16544
33.6656, 0.0473615, 0.0697959, 1.16506
33.7167, 0.0473615, 0.0680702, 1.16448
33.7683, 0.046978, 0.0663445, 1.16371
33.8172, 0.0462111, 0.064427, 1.16295
33.8686, 0.0442936, 0.0634683, 1.1618
33.9176, 0.0419926, 0.0634683, 1.16065
33.9697, 0.0406504, 0.0628931, 1.16026
34.0194, 0.0402669, 0.0613591, 1.16065
34.0693, 0.0421844, 0.0619343, 1.16122
34.1214, 0.0444853, 0.0627013, 1.1618
34.1724, 0.0465945, 0.0638518, 1.1616
34.2207, 0.0473615, 0.0646188, 1.16026
34.2721, 0.046978, 0.0648105, 1.15873
34.3235, 0.0464028, 0.0646188, 1.15796
34.3741, 0.0465945, 0.0650023, 1.15796
34.422, 0.0473615, 0.0640435, 1.15777
34.4744, 0.0481285, 0.0628931, 1.15662
34.5255, 0.0483203, 0.0609756, 1.15681
34.5745, 0.0496625, 0.0615508, 1.15988
34.6243, 0.0510047, 0.0590581, 1.1618
34.6752, 0.0531139, 0.0604003, 1.16045
34.7277, 0.0554149, 0.06366, 1.16103
34.7758, 0.0561819, 0.0655775, 1.16295
34.8705, 0.0548397, 0.0653858, 1.16314
34.8775, 0.0527305, 0.0627013, 1.16256
34.9285, 0.0513882, 0.0590581, 1.16218
34.9794, 0.0502377, 0.0567571, 1.1616
35.0302, 0.0494708, 0.0563736, 1.1616
35.123, 0.0496625, 0.0569489, 1.1618
35.1304, 0.050046, 0.0584829, 1.16122
35.1794, 0.0504295, 0.0615508, 1.16065
35.2301, 0.0511965, 0.0688372, 1.1618
35.2835, 0.0517717, 0.0791916, 1.16237
35.333, 0.0525387, 0.0903129, 1.16141
35.3829, 0.0538809, 0.0952983, 1.1616
35.4326, 0.0540727, 0.0958736, 1.1616
35.4854, 0.0538809, 0.0943396, 1.16122
35.5335, 0.0536892, 0.0941478, 1.16199
35.5843, 0.0540727, 0.0945313, 1.16314
35.6338, 0.0540727, 0.0956818, 1.1618
35.6856, 0.0533057, 0.096257, 1.15988
35.736, 0.052347, 0.097024, 1.16199
35.7854, 0.052347, 0.0979828, 1.1639
35.8368, 0.0533057, 0.0997085, 1.16448
35.8883, 0.0546479, 0.101434, 1.16582
35.938, 0.0554149, 0.101626, 1.1664
35.9876, 0.0554149, 0.102585, 1.16621
36.0374, 0.0536892, 0.102968, 1.16486
36.0905, 0.050813, 0.103543, 1.16467
36.1392, 0.0479368, 0.102776, 1.16525
36.1901, 0.0473615, 0.10431, 1.16793
36.2424, 0.0487038, 0.106803, 1.17138
36.2934, 0.0511965, 0.110638, 1.1733
36.3403, 0.0519635, 0.111405, 1.17445
36.3923, 0.0536892, 0.112747, 1.17599
36.4453, 0.0542644, 0.113706, 1.17771
36.4928, 0.0533057, 0.114473, 1.17733
36.5436, 0.0510047, 0.116007, 1.17637
36.5934, 0.0487038, 0.119075, 1.1756
36.6462, 0.0456358, 0.121184, 1.1756
36.6941, 0.0454441, 0.12406, 1.17809
36.7449, 0.0481285, 0.129046, 1.18289
36.7957, 0.0534974, 0.132114, 1.18634
36.8465, 0.0598251, 0.132881, 1.19017
36.8964, 0.0657693, 0.130196, 1.19382
36.9472, 0.0709464, 0.12732, 1.19669
36.9985, 0.0742061, 0.125403, 1.19689
37.0487, 0.0745896, 0.12291, 1.19689
37.0977, 0.0740144, 0.119267, 1.19842
37.1486, 0.0728639, 0.117541, 1.19995
37.2022, 0.0722887, 0.117541, 1.20034
37.2511, 0.0715217, 0.118308, 1.2013
37.3011, 0.0715217, 0.118883, 1.20283
37.3511, 0.0726722, 0.11965, 1.20417
37.4453, 0.0740144, 0.11965, 1.20609
37.4514, 0.0745896, 0.118691, 1.20705
37.5025, 0.0743979, 0.116199, 1.20724
37.5531, 0.0743979, 0.114281, 1.20897
37.6487, 0.0743979, 0.113706, 1.21069
37.6536, 0.0740144, 0.113706, 1.21165
37.7035, 0.0736309, 0.114281, 1.21338
37.7543, 0.0740144, 0.114857, 1.21472
37.8061, 0.0742061, 0.113514, 1.21625
37.855, 0.0742061, 0.111405, 1.21817
37.9073, 0.0747814, 0.109679, 1.22047
37.9557, 0.0749731, 0.109104, 1.222
38.0097, 0.0747814, 0.108721, 1.22373
38.0575, 0.0743979, 0.107378, 1.22603
38.1074, 0.0747814, 0.105269, 1.2291
38.1584, 0.0759319, 0.102393, 1.23255
38.2107, 0.0772741, 0.0995167, 1.23504
38.2597, 0.0784246, 0.0943396, 1.23677
38.3094, 0.0797668, 0.0895459, 1.23773
38.3605, 0.081109, 0.0859027, 1.23849
38.4124, 0.0845605, 0.0868614, 1.24099
38.4619, 0.0878202, 0.0874367, 1.24425
38.5108, 0.0891624, 0.0845605, 1.24521
38.5625, 0.0893542, 0.080342, 1.24597
38.6123, 0.0883954, 0.0740144, 1.24616
38.6632, 0.0870532, 0.068262, 1.24674
38.7147, 0.0853275, 0.0627013, 1.24731
38.7648, 0.0836017, 0.0579076, 1.2477
38.8146, 0.081876, 0.0531139, 1.24808
38.8659, 0.080342, 0.0498542, 1.24942
38.9153, 0.0789998, 0.0465945, 1.25134
38.9675, 0.0791916, 0.0437183, 1.25307
39.0161, 0.0797668, 0.0410339, 1.25345
39.0668, 0.0801503, 0.0404586, 1.25249
39.1186, 0.0799585, 0.0400751, 1.25173
39.1698, 0.0791916, 0.0406504, 1.25096
39.2184, 0.0780411, 0.0408421, 1.25077
39.2694, 0.0759319, 0.0408421, 1.24885
39.3204, 0.0745896, 0.0402669, 1.24827
39.3696, 0.0745896, 0.0379659, 1.24866
39.4195, 0.0751649, 0.0345145, 1.24942
39.4709, 0.0755484, 0.0293373, 1.24942
39.5225, 0.0757401, 0.0268446, 1.24751
39.5729, 0.0755484, 0.0241601, 1.24559
39.6224, 0.0755484, 0.0216674, 1.24501
39.6729, 0.0766988, 0.0178325, 1.24444
39.7236, 0.0784246, 0.0130388, 1.24329
39.775, 0.0799585, 0.00805338, 1.24233
39.8242, 0.0814925, 0.00402669, 1.24156
39.8745, 0.0843687, 0.00134223, 1.24099
39.9271, 0.0878202, -0.000958736, 1.23945
39.9758, 0.0906964, -0.00383494, 1.2383
40.0258, 0.0924221, -0.00460193, 1.2383
40.0763, 0.0935726, -0.00345145, 1.24003
40.1297, 0.0945313, -0.00134223, 1.24195
40.1771, 0.0954901, 0.000191747, 1.2429
40.2278, 0.0960653, 0.00268446, 1.24252
40.2787, 0.0949148, 0.00556067, 1.2408
40.3295, 0.0929973, 0.00805338, 1.24022
40.3783, 0.0903129, 0.0097791, 1.24003
40.4293, 0.0883954, 0.0118883, 1.23945
40.481, 0.0868614, 0.0139975, 1.23888
40.5321, 0.085711, 0.014381, 1.23792
40.5805, 0.0843687, 0.0138058, 1.23677
40.6315, 0.0828348, 0.0130388, 1.23639
40.6832, 0.081876, 0.0132306, 1.23562
40.7321, 0.081876, 0.0122718, 1.23447
40.7844, 0.0830265, 0.0111213, 1.23389
40.8327, 0.0837935, 0.00997085, 1.23351
40.8864, 0.0832182, 0.0097791, 1.23198
40.935, 0.0820678, 0.00939561, 1.23121
40.9857, 0.081876, 0.0103543, 1.23063
41.0351, 0.0816843, 0.0113131, 1.22948
41.0879, 0.0807255, 0.0111213, 1.22814
41.1367, 0.0784246, 0.00882037, 1.2268
41.1876, 0.0759319, 0.00747814, 1.22546
41.2407, 0.0745896, 0.00747814, 1.22507
41.2883, 0.0738226, 0.00862862, 1.22507
41.3385, 0.0730556, 0.0111213, 1.22431
41.3889, 0.0726722, 0.015915, 1.22373
41.4835, 0.0722887, 0.0201334, 1.22296
41.4907, 0.0717134, 0.0239684, 1.2222
41.5405, 0.0717134, 0.0297208, 1.22258
41.5913, 0.0730556, 0.0350897, 1.22296
41.6432, 0.0753566, 0.0406504, 1.22277
41.6918, 0.0778493, 0.0444853, 1.22162
41.7416, 0.0793833, 0.0483203, 1.22105
41.7928, 0.080342, 0.0513882, 1.22085
41.8452, 0.0813008, 0.0529222, 1.22028
41.8943, 0.0824513, 0.0521552, 1.2199
41.9447, 0.08341, 0.052347, 1.2197
41.9949, 0.08341, 0.0533057, 1.21932
42.0465, 0.0828348, 0.0536892, 1.21817
42.0945, 0.0816843, 0.0527305, 1.2174
42.1464, 0.0809173, 0.0519635, 1.21683
42.1981, 0.0809173, 0.0519635, 1.21625
42.2483, 0.0797668, 0.0533057, 1.21472
42.2977, 0.0778493, 0.0538809, 1.21338
42.3495, 0.0765071, 0.0548397, 1.21338
42.3994, 0.0765071, 0.0552232, 1.2128
42.4498, 0.0761236, 0.0557984, 1.21127
42.499, 0.0747814, 0.0565654, 1.21012
42.5499, 0.0738226, 0.0561819, 1.20916
42.6011, 0.0734391, 0.0550314, 1.20858
42.6518, 0.0732474, 0.0536892, 1.20782
42.7004, 0.0720969, 0.0550314, 1.20628
42.7512, 0.0701794, 0.0582911, 1.20532
42.803, 0.0684537, 0.0611673, 1.20475
42.8536, 0.068262, 0.0607838, 1.20456
42.9025, 0.0694125, 0.0579076, 1.20321
42.9533, 0.0696042, 0.0550314, 1.20091
43.0053, 0.0678785, 0.0533057, 1.19861
43.055, 0.0650023, 0.052347, 1.19727
43.1063, 0.0617426, 0.0525387, 1.19689
43.1571, 0.0594416, 0.0510047, 1.19535
43.2065, 0.0579076, 0.0483203, 1.19343
43.2569, 0.0565654, 0.0454441, 1.19171
43.3079, 0.0557984, 0.0452523, 1.19113
43.3589, 0.0561819, 0.0452523, 1.19152
43.4527, 0.0584829, 0.0431431, 1.19113
43.4585, 0.0621261, 0.0389247, 1.18998
43.5097, 0.0657693, 0.036432, 1.18883
43.5614, 0.0696042, 0.034898, 1.18807
43.6101, 0.0730556, 0.034898, 1.1873
43.6606, 0.0743979, 0.0379659, 1.18576
43.7107, 0.0742061, 0.0421844, 1.18557
43.7615, 0.0738226, 0.0490873, 1.18634
43.8119, 0.0736309, 0.0567571, 1.18672
43.8624, 0.0722887, 0.065961, 1.18634
43.9159, 0.0688372, 0.0774658, 1.18576
43.9645, 0.0642353, 0.0893542, 1.18653
44.0137, 0.0605921, 0.100092, 1.18922
44.0635, 0.0598251, 0.109488, 1.19056
44.1166, 0.0598251, 0.11639, 1.18845
44.2109, 0.0588664, 0.122718, 1.18653
44.2589, 0.0552232, 0.130772, 1.18557
44.2669, 0.0504295, 0.13614, 1.18346
44.318, 0.0458276, 0.143043, 1.18327
44.3681, 0.0408421, 0.150905, 1.18193
44.4188, 0.0350897, 0.156274, 1.1802
44.4682, 0.0337475, 0.157808, 1.17924
44.5216, 0.0358567, 0.156657, 1.1804
44.5688, 0.0391164, 0.152247, 1.17867
44.6185, 0.0391164, 0.152247, 1.17522
44.6694, 0.0347062, 0.156082, 1.17368
44.7213, 0.0276116, 0.161451, 1.17234
44.814, 0.0218592, 0.166245, 1.17119
44.8209, 0.0199417, 0.170463, 1.16966
44.8748, 0.0185995, 0.172189, 1.1687
44.9237, 0.0168737, 0.172189, 1.16927
44.9728, 0.0139975, 0.169504, 1.16927
45.0232, 0.0116966, 0.168162, 1.16832
45.0755, 0.0101626, 0.167395, 1.16793
45.1249, 0.00920386, 0.168354, 1.16678
45.1756, 0.00882037, 0.168354, 1.16601
45.2244, 0.00997085, 0.168546, 1.16525
45.2774, 0.0109296, 0.167779, 1.1641
45.3266, 0.0111213, 0.166628, 1.16295
45.3772, 0.0107378, 0.164327, 1.1618
45.428, 0.0124636, 0.164519, 1.16199
45.4775, 0.0180242, 0.168162, 1.16429
45.5281, 0.0245436, 0.17008, 1.16544
45.5787, 0.0293373, 0.169888, 1.16352
45.629, 0.0320218, 0.168737, 1.1616
45.6803, 0.0345145, 0.171038, 1.16084
45.7302, 0.0360485, 0.170271, 1.15949
45.7806, 0.0362402, 0.165861, 1.15854
45.8338, 0.0352815, 0.161643, 1.15739
45.8823, 0.034131, 0.158575, 1.15566
45.9309, 0.0322135, 0.156274, 1.15374
45.9822, 0.0287621, 0.155315, 1.15125
46.0347, 0.0237766, 0.155699, 1.14972
46.0855, 0.018216, 0.158383, 1.14914
46.1344, 0.0122718, 0.161259, 1.14818
46.1832, 0.00862862, 0.164903, 1.1478
46.2361, 0.0097791, 0.165478, 1.14933
46.2864, 0.0116966, 0.167395, 1.14952
46.3356, 0.0130388, 0.170463, 1.14703
46.3854, 0.0132306, 0.171422, 1.14588
46.4372, 0.0138058, 0.17449, 1.1455
46.4861, 0.0155315, 0.175832, 1.14473
46.5381, 0.0180242, 0.178517, 1.14473
46.5878, 0.0201334, 0.180434, 1.14454
46.6385, 0.0209004, 0.181009, 1.143
46.6882, 0.0218592, 0.183118, 1.1409
46.7408, 0.0228179, 0.182927, 1.1407
46.79, 0.0233931, 0.184461, 1.13955
46.841, 0.0245436, 0.186762, 1.1384
46.8906, 0.0262694, 0.188871, 1.13859
46.9414, 0.0283786, 0.18983, 1.13821
46.9937, 0.0301043, 0.187912, 1.13821
47.0431, 0.0314465, 0.183694, 1.13821
47.0921, 0.032597, 0.178325, 1.13725
47.1427, 0.033364, 0.173531, 1.13572
47.1955, 0.034131, 0.169888, 1.13457
47.2435, 0.034898, 0.16797, 1.1338
47.2942, 0.0358567, 0.165478, 1.13246
47.3455, 0.0354732, 0.163752, 1.13054
47.3969, 0.0327888, 0.162602, 1.12766
47.4456, 0.0291456, 0.161451, 1.12498
47.4975, 0.0255024, 0.161451, 1.12498
47.5464, 0.0241601, 0.160301, 1.12556
47.5985, 0.0245436, 0.157616, 1.12517
47.648, 0.0245436, 0.154932, 1.12287
47.6988, 0.0233931, 0.151672, 1.12076
47.7489, 0.0214757, 0.147645, 1.12019
47.801, 0.0185995, 0.142468, 1.11808
47.8498, 0.0153398, 0.135757, 1.11616
47.9001, 0.0115048, 0.128471, 1.11539
47.9522, 0.00766988, 0.120417, 1.11443
48.0045, 0.00460193, 0.113514, 1.11405
48.0518, 0.00306795, 0.108145, 1.11424
48.1015, 0.00191747, 0.103543, 1.11328
48.1542, 0.000958736, 0.100092, 1.11194
48.2469, 0, 0.097024, 1.11079
48.253, -0.000575241, 0.0931891, 1.10983
48.304, 0.000191747, 0.0906964, 1.10964
48.3545, 0.00191747, 0.0889707, 1.10945
48.406, 0.00383494, 0.0874367, 1.10887
48.4564, 0.00556067, 0.0876284, 1.10772
48.5051, 0.00709464, 0.0878202, 1.10657
48.5568, 0.0101626, 0.0853275, 1.106
48.608, 0.0141893, 0.082643, 1.10581
48.6576, 0.018216, 0.0793833, 1.10485
48.7072, 0.0203252, 0.0755484, 1.10293
48.7592, 0.0212839, 0.0728639, 1.10159
48.8094, 0.0216674, 0.0709464, 1.10063
48.8598, 0.0218592, 0.0707547, 1.09871
48.9122, 0.0220509, 0.0726722, 1.09833
48.9615, 0.0214757, 0.0751649, 1.09814
49.0113, 0.0210922, 0.0766988, 1.09718
49.0623, 0.0203252, 0.0778493, 1.0966
49.1136, 0.0185995, 0.0778493, 1.09545
49.1631, 0.0164903, 0.0766988, 1.09296
49.213, 0.013614, 0.0766988, 1.09008
49.2638, 0.00920386, 0.0799585, 1.08912
49.3148, 0.00671115, 0.0797668, 1.08893
49.3648, 0.00728639, 0.0780411, 1.08893
49.4153, 0.00939561, 0.0755484, 1.08932
49.4652, 0.0109296, 0.0720969, 1.09008
49.5167, 0.0124636, 0.0696042, 1.08912
49.5653, 0.013614, 0.0688372, 1.08855
49.6174, 0.0128471, 0.0701794, 1.08701
49.6674, 0.0113131, 0.0719052, 1.08567
49.7193, 0.0105461, 0.0732474, 1.08548
49.8115, 0.00939561, 0.0742061, 1.08433
49.8186, 0.00747814, 0.0759319, 1.08203
49.8704, 0.00402669, 0.0774658, 1.0803
49.9213, 0, 0.0780411, 1.07896
49.9709, -0.0036432, 0.0763153, 1.07819
50.0208, -0.00613591, 0.0730556, 1.07781
50.0727, -0.0069029, 0.069029, 1.07704
50.1214, -0.00766988, 0.065194, 1.07608
50.1713, -0.00843687, 0.0617426, 1.07493
50.2224, -0.00805338, 0.0594416, 1.07493
50.2741, -0.00613591, 0.0571406, 1.07474
50.3228, -0.00287621, 0.0548397, 1.07398
50.3725, 0.000958736, 0.0534974, 1.0734
50.4234, 0.00498542, 0.0519635, 1.07244
50.4752, 0.00824513, 0.050813, 1.07091
50.5249, 0.0097791, 0.0504295, 1.06899
50.5749, 0.00997085, 0.0510047, 1.06784
50.6258, 0.00997085, 0.0521552, 1.06688
50.6778, 0.0101626, 0.0536892, 1.06592
50.7273, 0.00958736, 0.0552232, 1.06496
50.7771, 0.00766988, 0.0552232, 1.06362
50.8269, 0.00441018, 0.0529222, 1.06228
50.8787, 0.00153398, 0.050046, 1.06113
50.9287, -0.000383494, 0.0467863, 1.06036
50.9794, -0.00115048, 0.0446771, 1.05959
51.0311, -0.00115048, 0.0431431, 1.05883
51.0814, 0, 0.0421844, 1.05844
51.1319, 0.00249271, 0.0412256, 1.05825
51.1807, 0.00594416, 0.0404586, 1.05768
51.2326, 0.00920386, 0.0404586, 1.05691
51.2828, 0.0113131, 0.0389247, 1.05538
51.3336, 0.0120801, 0.0371989, 1.0548
51.3841, 0.0130388, 0.035665, 1.05403
51.4349, 0.0141893, 0.034898, 1.05384
51.4849, 0.015148, 0.0345145, 1.05308
51.5372, 0.015915, 0.036432, 1.05192
51.5855, 0.015148, 0.0394999, 1.04962
51.6376, 0.0130388, 0.0414174, 1.04751
51.6866, 0.00997085, 0.0412256, 1.04694
51.7375, 0.00766988, 0.0412256, 1.04713
51.7895, 0.00671115, 0.0419926, 1.04598
51.8397, 0.00613591, 0.0433348, 1.04425
51.8883, 0.00441018, 0.0441018, 1.04349
51.938, 0.00249271, 0.0437183, 1.04368
51.9901, 0.00249271, 0.0418009, 1.04349
52.0398, 0.00421844, 0.0394999, 1.04406
52.09, 0.00594416, 0.0360485, 1.04464
52.1406, 0.00709464, 0.032597, 1.04464
52.1912, 0.00843687, 0.0295291, 1.04425
52.2409, 0.0103543, 0.0281868, 1.04387
52.2928, 0.0124636, 0.0287621, 1.04291
52.3433, 0.0145728, 0.0285703, 1.04253
52.3935, 0.015915, 0.0289538, 1.04234
52.4423, 0.0168737, 0.0287621, 1.04138
52.493, 0.0176407, 0.0295291, 1.041
52.5442, 0.018216, 0.0304878, 1.04061
52.5969, 0.0180242, 0.0322135, 1.03889
52.6447, 0.016682, 0.0322135, 1.03678
52.6955, 0.014381, 0.0320218, 1.0362
52.7484, 0.0124636, 0.0337475, 1.03601
52.7996, 0.0120801, 0.0379659, 1.03467
52.8481, 0.0128471, 0.0431431, 1.03352
52.8979, 0.014381, 0.0490873, 1.03237
52.9493, 0.0147645, 0.0527305, 1.02987
52.9997, 0.014381, 0.0527305, 1.02891
53.0491, 0.0130388, 0.0513882, 1.02815
53.0991, 0.0130388, 0.0504295, 1.02604
53.1508, 0.0130388, 0.0487038, 1.0245
53.2011, 0.0128471, 0.0475533, 1.02393
53.2516, 0.0132306, 0.0481285, 1.02297
53.3013, 0.013614, 0.0488955, 1.02182
53.3533, 0.0134223, 0.0487038, 1.02067
53.4021, 0.0134223, 0.047745, 1.01971
53.4527, 0.0134223, 0.047745, 1.01875
53.5037, 0.0134223, 0.0481285, 1.01799
53.5545, 0.0134223, 0.0481285, 1.01683
53.6045, 0.0134223, 0.0473615, 1.01568
53.6553, 0.0134223, 0.0475533, 1.01473
53.7055, 0.013614, 0.0475533, 1.01377
53.7659, 0.0134223, 0.047745, 1.01281
53.8057, 0.013614, 0.0471698, 1.01166
53.8565, 0.013614, 0.0471698, 1.0107
53.9083, 0.013614, 0.0473615, 1.00955
53.9579, 0.0138058, 0.0475533, 1.0084
54.0085, 0.0138058, 0.046978, 1.00744
54.0576, 0.0138058, 0.0471698, 1.00648
54.1097, 0.0139975, 0.0471698, 1.00533
54.1597, 0.0139975, 0.0467863, 1.00437
54.2108, 0.0139975, 0.0465945, 1.00341
