0, -0.00191747, 0.00441018, 0.0193665
0.049058, -0.00210922, 0.00421844, 0.0193665
0.099375, -0.00210922, 0.00421844, 0.0193665
0.149972, -0.00210922, 0.00421844, 0.0193665
0.201658, -0.00210922, 0.00421844, 0.0193665
0.250594, -0.00191747, 0.00421844, 0.0191747
0.300148, -0.00210922, 0.00402669, 0.0193665
0.351176, -0.00210922, 0.00402669, 0.0191747
0.401941, -0.00230097, 0.00402669, 0.0193665
0.452171, -0.00230097, 0.00402669, 0.0191747
0.502648, -0.00230097, 0.00421844, 0.0193665
0.552504, -0.00210922, 0.00421844, 0.0191747
0.604297, -0.00230097, 0.00441018, 0.0191747
0.655071, -0.00230097, 0.00441018, 0.0191747
0.703867, -0.00230097, 0.00441018, 0.0191747
0.754763, -0.00230097, 0.00441018, 0.0191747
0.806594, -0.00210922, 0.00421844, 0.0191747
0.855663, -0.00210922, 0.00421844, 0.0191747
0.906553, -0.00210922, 0.00421844, 0.0191747
0.958685, -0.00210922, 0.00441018, 0.0191747
1.00915, -0.00210922, 0.00421844, 0.0191747
1.05752, -0.00191747, 0.00421844, 0.0191747
1.10926, -0.00191747, 0.00421844, 0.0191747
1.16151, -0.00210922, 0.00421844, 0.0191747
1.21686, -0.00210922, 0.00421844, 0.0191747
1.25988, -0.00210922, 0.00421844, 0.0191747
1.31118, -0.00210922, 0.00402669, 0.0191747
1.36225, -0.00210922, 0.00421844, 0.0191747
1.41053, -0.00210922, 0.00402669, 0.0191747
1.46115, -0.00210922, 0.00421844, 0.0191747
1.51216, -0.00210922, 0.00421844, 0.0191747
1.56291, -0.00210922, 0.00421844, 0.0191747
1.61284, -0.00210922, 0.00421844, 0.0191747
1.66359, -0.00210922, 0.00402669, 0.0191747
1.71346, -0.00210922, 0.00383494, 0.0191747
1.76525, -0.00210922, 0.00383494, 0.0191747
1.81405, -0.00210922, 0.00383494, 0.0191747
1.86486, -0.00210922, 0.00383494, 0.0191747
1.91887, -0.00210922, 0.00383494, 0.0191747
1.96761, -0.00210922, 0.00383494, 0.0191747
2.01909, -0.00210922, 0.00383494, 0.0191747
2.06717, -0.00210922, 0.00402669, 0.0191747
2.11902, -0.00210922, 0.00402669, 0.0191747
2.16773, -0.00191747, 0.00402669, 0.0191747
2.21896, -0.00191747, 0.00402669, 0.0191747
2.27038, -0.00191747, 0.00421844, 0.0191747
2.32053, -0.00191747, 0.00421844, 0.0191747
2.37045, -0.00191747, 0.00421844, 0.0191747
2.42073, -0.00210922, 0.00421844, 0.0191747
2.47072, -0.00210922, 0.00421844, 0.0191747
2.52311, -0.00210922, 0.00421844, 0.0191747
2.57155, -0.00210922, 0.00402669, 0.0191747
2.62224, -0.00210922, 0.00402669, 0.0191747
2.67297, -0.00210922, 0.00402669, 0.0191747
2.7254, -0.00210922, 0.00421844, 0.018983
2.77396, -0.00230097, 0.00421844, 0.018983
2.82463, -0.00210922, 0.00421844, 0.018983
2.87692, -0.00210922, 0.00421844, 0.018983
2.92736, -0.00210922, 0.00421844, 0.018983
2.97627, -0.00210922, 0.00402669, 0.0191747
3.02574, -0.00230097, 0.00421844, 0.018983
3.07866, -0.00210922, 0.00421844, 0.0191747
3.12888, -0.00230097, 0.00402669, 0.018983
3.17838, -0.00210922, 0.00402669, 0.0191747
3.22695, -0.00230097, 0.00402669, 0.0187912
3.27913, -0.00210922, 0.00402669, 0.0191747
3.32873, -0.00210922, 0.00421844, 0.018983
3.37956, -0.00210922, 0.00421844, 0.018983
3.42951, -0.00191747, 0.00421844, 0.018983
3.48128, -0.00210922, 0.00421844, 0.018983
3.5311, -0.00191747, 0.00421844, 0.018983
3.58361, -0.00191747, 0.00421844, 0.018983
3.67566, -0.00191747, 0.00441018, 0.018983
3.68404, -0.00210922, 0.00421844, 0.018983
3.73244, -0.00210922, 0.00421844, 0.018983
3.78442, -0.00210922, 0.00421844, 0.018983
3.83608, -0.00210922, 0.00421844, 0.018983
3.88581, -0.00230097, 0.00421844, 0.018983
3.93471, -0.00210922, 0.00421844, 0.018983
3.98545, -0.00230097, 0.00421844, 0.018983
4.03727, -0.00230097, 0.00421844, 0.018983
4.08607, -0.00230097, 0.00421844, 0.018983
4.13741, -0.00210922, 0.00421844, 0.018983
4.18667, -0.00210922, 0.00421844, 0.018983
4.23889, -0.00230097, 0.00441018, 0.018983
4.28845, -0.00230097, 0.00441018, 0.018983
4.33816, -0.00230097, 0.00421844, 0.0187912
4.38927, -0.00230097, 0.00421844, 0.0187912
4.4398, -0.00230097, 0.00421844, 0.0187912
4.49068, -0.00230097, 0.00441018, 0.0187912
4.54073, -0.00230097, 0.00441018, 0.0187912
4.59046, -0.00230097, 0.00441018, 0.0187912
4.68692, -0.00230097, 0.00441018, 0.0187912
4.69201, -0.00230097, 0.00441018, 0.018983
4.74301, -0.00230097, 0.00441018, 0.018983
4.79347, -0.00230097, 0.00441018, 0.018983
4.84539, -0.00230097, 0.00460193, 0.018983
4.89329, -0.00230097, 0.00460193, 0.018983
4.94517, -0.00230097, 0.00460193, 0.018983
4.99767, -0.00230097, 0.00460193, 0.018983
5.04578, -0.00230097, 0.00441018, 0.018983
5.09575, -0.00210922, 0.00441018, 0.018983
5.14543, -0.00230097, 0.00460193, 0.018983
5.19719, -0.00230097, 0.00460193, 0.018983
5.24857, -0.00230097, 0.00460193, 0.018983
5.29672, -0.00230097, 0.00460193, 0.018983
5.34764, -0.00230097, 0.00460193, 0.018983
5.44243, -0.00230097, 0.00460193, 0.018983
5.45061, -0.00230097, 0.00441018, 0.018983
5.49908, -0.00230097, 0.00441018, 0.018983
5.55003, -0.00230097, 0.00441018, 0.018983
5.60166, -0.00230097, 0.00441018, 0.018983
5.65165, -0.00249271, 0.00441018, 0.018983
5.70275, -0.00268446, 0.00441018, 0.0187912
5.75129, -0.00249271, 0.00441018, 0.0187912
5.804, -0.00268446, 0.00441018, 0.0187912
5.85288, -0.00249271, 0.00441018, 0.0187912
5.90489, -0.00249271, 0.00441018, 0.018983
5.95508, -0.00249271, 0.00441018, 0.0187912
6.00539, -0.00249271, 0.00441018, 0.018983
6.05426, -0.00249271, 0.00441018, 0.0187912
6.10626, -0.00249271, 0.00460193, 0.0187912
6.15705, -0.00249271, 0.00441018, 0.018983
6.20695, -0.00249271, 0.00441018, 0.018983
6.25652, -0.00249271, 0.00460193, 0.018983
6.30781, -0.00249271, 0.00460193, 0.0187912
6.35918, -0.00249271, 0.00460193, 0.0191747
6.40919, -0.00249271, 0.00460193, 0.018983
6.45905, -0.00268446, 0.00460193, 0.018983
6.5087, -0.00268446, 0.00460193, 0.018983
6.56208, -0.00268446, 0.00460193, 0.018983
6.61048, -0.00287621, 0.00441018, 0.018983
6.66157, -0.00249271, 0.00421844, 0.0191747
6.71128, -0.00230097, 0.00191747, 0.0184077
6.76194, -0.00153398, 0.00153398, 0.0153398
6.81475, 0.000958736, 0.00268446, 0.0107378
6.86436, 0.00441018, 0.00575241, 0.0107378
6.91425, 0.00575241, 0.0138058, 0.0116966
6.96408, 0.00421844, 0.0247354, 0.0113131
7.01488, 0.0032597, 0.0337475, 0.0120801
7.06487, 0.00441018, 0.0385412, 0.0132306
7.11743, 0.00747814, 0.0402669, 0.0141893
7.16536, 0.0107378, 0.0385412, 0.0139975
7.21602, 0.0139975, 0.035665, 0.0141893
7.2681, 0.017449, 0.0322135, 0.0141893
7.31774, 0.0210922, 0.0285703, 0.0134223
7.36669, 0.0226262, 0.0255024, 0.0120801
7.41752, 0.0218592, 0.0222427, 0.0107378
7.46907, 0.0193665, 0.0184077, 0.00920386
7.52011, 0.0161068, 0.014381, 0.00824513
7.56944, 0.0120801, 0.0118883, 0.00766988
7.61874, 0.00671115, 0.0134223, 0.0069029
7.67297, 0.00306795, 0.013614, 0.00709464
7.72235, 0.00210922, 0.0113131, 0.00728639
7.77281, 0.00230097, 0.00958736, 0.00709464
7.8209, 0.00268446, 0.00594416, 0.00862862
7.87524, 0.00268446, 0.00421844, 0.0109296
7.92399, 0.00134223, 0.00345145, 0.0097791
7.97256, -0.000575241, 0.00479368, 0.00862862
8.02339, -0.00306795, 0.0069029, 0.00882037
8.07517, -0.00594416, 0.00901211, 0.00862862
8.12381, -0.00786163, 0.00862862, 0.00786163
8.1761, -0.00882037, 0.00766988, 0.00766988
8.22589, -0.00862862, 0.00460193, 0.00805338
8.27757, -0.00824513, 0.000958736, 0.00843687
8.32743, -0.00766988, -0.00134223, 0.0113131
8.37742, -0.00766988, -0.0032597, 0.0118883
8.427, -0.00805338, -0.00249271, 0.0115048
8.48062, -0.00939561, -0.000383494, 0.0120801
8.529, -0.0120801, 0.00134223, 0.0122718
8.62239, -0.0147645, 0.00287621, 0.0126553
8.62973, -0.016682, 0.00306795, 0.0141893
8.68231, -0.0172572, 0.00191747, 0.0141893
8.73122, -0.017449, 0.000191747, 0.013614
8.78068, -0.0164903, -0.00153398, 0.0141893
8.83287, -0.0147645, -0.00345145, 0.0147645
8.88383, -0.0128471, -0.0069029, 0.0141893
8.93227, -0.0097791, -0.00920386, 0.0147645
8.98302, -0.00862862, -0.0111213, 0.0147645
9.03376, -0.00786163, -0.0109296, 0.0147645
9.08368, -0.00786163, -0.0107378, 0.015915
9.13456, -0.00805338, -0.0107378, 0.015915
9.18603, -0.00786163, -0.0122718, 0.0153398
9.23608, -0.00901211, -0.0149563, 0.0149563
9.2849, -0.0122718, -0.017449, 0.0147645
9.33666, -0.017449, -0.0176407, 0.014381
9.3871, -0.0220509, -0.0155315, 0.0147645
9.43758, -0.0253106, -0.0132306, 0.016682
9.48622, -0.0262694, -0.0149563, 0.0172572
9.53913, -0.0245436, -0.018983, 0.0164903
9.59102, -0.0226262, -0.0216674, 0.0161068
9.63974, -0.0220509, -0.0228179, 0.0149563
9.68858, -0.0235849, -0.0226262, 0.0134223
9.73926, -0.0272281, -0.0214757, 0.0128471
9.79194, -0.0308713, -0.0203252, 0.0124636
9.84202, -0.034131, -0.0193665, 0.0124636
9.89077, -0.0360485, -0.0193665, 0.0130388
9.94164, -0.0358567, -0.0207087, 0.013614
9.99359, -0.0347062, -0.0233931, 0.0139975
10.0443, -0.0343227, -0.0253106, 0.0147645
10.0932, -0.0368154, -0.0239684, 0.0153398
10.1443, -0.0402669, -0.0205169, 0.0164903
10.1948, -0.0427596, -0.018216, 0.016682
10.2446, -0.0439101, -0.018983, 0.0149563
10.2974, -0.0454441, -0.0193665, 0.015148
10.3453, -0.0475533, -0.0187912, 0.0155315
10.396, -0.0483203, -0.0207087, 0.0164903
10.4472, -0.0483203, -0.0247354, 0.018216
10.4968, -0.0483203, -0.0264611, 0.0180242
10.5475, -0.0490873, -0.0268446, 0.0187912
10.5986, -0.049279, -0.0274198, 0.018983
10.6486, -0.0483203, -0.0281868, 0.018983
10.6993, -0.0488955, -0.0295291, 0.0187912
10.7514, -0.0511965, -0.0314465, 0.0187912
10.8006, -0.0529222, -0.0331722, 0.01975
10.8511, -0.0534974, -0.0350897, 0.0203252
10.9014, -0.0527305, -0.0358567, 0.0209004
10.952, -0.0517717, -0.0352815, 0.0209004
11.0019, -0.0513882, -0.0345145, 0.0205169
11.0517, -0.0513882, -0.0335557, 0.0205169
11.1027, -0.0525387, -0.0339392, 0.0201334
11.1544, -0.0550314, -0.0352815, 0.0201334
11.2037, -0.0575241, -0.036432, 0.0205169
11.2545, -0.0580994, -0.0375824, 0.0210922
11.305, -0.0575241, -0.0387329, 0.0216674
11.3558, -0.0565654, -0.0393082, 0.0216674
11.4055, -0.0563736, -0.0398834, 0.0210922
11.4572, -0.0565654, -0.0404586, 0.0205169
11.5062, -0.0565654, -0.0400751, 0.0207087
11.5585, -0.0565654, -0.0394999, 0.0209004
11.6077, -0.0582911, -0.0408421, 0.0212839
11.6579, -0.0611673, -0.0442936, 0.0216674
11.7095, -0.0634683, -0.0483203, 0.0218592
11.7601, -0.0640435, -0.050813, 0.0226262
11.8092, -0.06366, -0.0519635, 0.0237766
11.8599, -0.0625096, -0.0531139, 0.0243519
11.9117, -0.0602086, -0.0538809, 0.0243519
11.9606, -0.0584829, -0.0548397, 0.0241601
12.0114, -0.0580994, -0.0567571, 0.0233931
12.0613, -0.0588664, -0.0580994, 0.0232014
12.1145, -0.0596334, -0.0600168, 0.0235849
12.163, -0.0607838, -0.0613591, 0.0230097
12.2126, -0.0615508, -0.0613591, 0.0226262
12.2638, -0.0615508, -0.0604003, 0.0232014
12.3572, -0.0592499, -0.0592499, 0.0235849
12.3655, -0.0561819, -0.0584829, 0.0235849
12.4149, -0.0534974, -0.0577159, 0.0233931
12.4664, -0.0519635, -0.0559902, 0.0233931
12.5165, -0.0506212, -0.0534974, 0.0239684
12.567, -0.0488955, -0.0498542, 0.0241601
12.6166, -0.0473615, -0.046978, 0.0241601
12.6685, -0.0462111, -0.0462111, 0.0245436
12.7189, -0.0458276, -0.0464028, 0.0249271
12.769, -0.0454441, -0.0465945, 0.0256941
12.8199, -0.0460193, -0.0460193, 0.0255024
12.8715, -0.0467863, -0.0441018, 0.0249271
12.9648, -0.0483203, -0.0425679, 0.0249271
12.9703, -0.049279, -0.0404586, 0.0255024
13.0209, -0.0488955, -0.0377742, 0.0262694
13.0717, -0.046978, -0.034131, 0.0262694
13.1218, -0.0450606, -0.0297208, 0.0256941
13.1725, -0.0446771, -0.0260776, 0.0251189
13.2233, -0.0454441, -0.0224344, 0.0251189
13.317, -0.046978, -0.0201334, 0.0256941
13.323, -0.0471698, -0.017449, 0.0266528
13.3737, -0.0465945, -0.0168737, 0.0262694
13.4235, -0.046978, -0.015148, 0.0245436
13.4767, -0.0481285, -0.0147645, 0.0245436
13.5692, -0.0494708, -0.0128471, 0.0256941
13.575, -0.050046, -0.0116966, 0.0266528
13.6285, -0.0494708, -0.0113131, 0.0276116
13.6788, -0.048512, -0.0113131, 0.0279951
13.7264, -0.0475533, -0.0122718, 0.0281868
13.7774, -0.0464028, -0.0130388, 0.0281868
13.8306, -0.0460193, -0.0134223, 0.0276116
13.9219, -0.0462111, -0.0141893, 0.0264611
13.9298, -0.0454441, -0.0134223, 0.0262694
13.9816, -0.0437183, -0.0105461, 0.0272281
14.0305, -0.0406504, -0.00613591, 0.0278033
14.0801, -0.0379659, -0.00421844, 0.0289538
14.1317, -0.0373907, -0.0065194, 0.030296
14.1825, -0.0377742, -0.00920386, 0.031063
14.2327, -0.0377742, -0.0116966, 0.0306795
14.2839, -0.0362402, -0.013614, 0.0312548
14.3344, -0.033364, -0.0145728, 0.03183
14.3845, -0.0312548, -0.0162985, 0.0322135
14.435, -0.0306795, -0.0180242, 0.0322135
14.4837, -0.0306795, -0.0212839, 0.0322135
14.5346, -0.030296, -0.0237766, 0.0320218
14.5875, -0.0304878, -0.0243519, 0.0316383
14.6386, -0.0312548, -0.0243519, 0.0314465
14.686, -0.032597, -0.0241601, 0.0312548
14.7372, -0.033364, -0.0241601, 0.0316383
14.7888, -0.0337475, -0.0235849, 0.0320218
14.8387, -0.033364, -0.0241601, 0.0324053
14.8884, -0.032597, -0.0255024, 0.0331722
14.9394, -0.0327888, -0.0276116, 0.0329805
14.9905, -0.0347062, -0.0316383, 0.0331722
15.0401, -0.0368154, -0.035665, 0.033364
15.091, -0.0381577, -0.0387329, 0.0335557
15.1418, -0.0379659, -0.0389247, 0.0337475
15.1924, -0.0366237, -0.0371989, 0.0339392
15.288, -0.0352815, -0.0352815, 0.0343227
15.293, -0.035665, -0.0335557, 0.034131
15.3427, -0.0377742, -0.0320218, 0.0337475
15.3937, -0.0396917, -0.030296, 0.033364
15.4438, -0.0406504, -0.0287621, 0.0339392
15.4942, -0.0400751, -0.0278033, 0.0343227
15.5468, -0.0389247, -0.0270363, 0.0345145
15.5968, -0.0379659, -0.0266528, 0.0345145
15.6447, -0.0375824, -0.0258859, 0.0343227
15.6956, -0.0379659, -0.0258859, 0.0347062
15.7488, -0.036432, -0.0297208, 0.0350897
15.8421, -0.034898, -0.0304878, 0.0352815
15.8471, -0.034131, -0.0316383, 0.0343227
15.8969, -0.0358567, -0.031063, 0.0335557
15.9487, -0.0385412, -0.0295291, 0.0339392
16.0006, -0.0404586, -0.0285703, 0.0343227
16.0501, -0.0410339, -0.0297208, 0.0345145
16.0991, -0.0408421, -0.0316383, 0.034131
16.151, -0.0404586, -0.0335557, 0.0345145
16.2018, -0.0406504, -0.0337475, 0.0350897
16.2946, -0.0414174, -0.0316383, 0.0347062
16.3014, -0.0423761, -0.0295291, 0.0347062
16.3543, -0.0425679, -0.0285703, 0.034898
16.4019, -0.0423761, -0.0281868, 0.0350897
16.4539, -0.0423761, -0.0295291, 0.035665
16.5037, -0.0427596, -0.030296, 0.0358567
16.5556, -0.0429514, -0.0306795, 0.0362402
16.6043, -0.0429514, -0.0306795, 0.0366237
16.6553, -0.0418009, -0.0312548, 0.0371989
16.7082, -0.0406504, -0.031063, 0.0375824
16.7583, -0.0396917, -0.0295291, 0.0383494
16.8069, -0.0389247, -0.0279951, 0.0387329
16.8567, -0.0370072, -0.0260776, 0.0389247
16.9083, -0.0352815, -0.0249271, 0.0394999
16.9593, -0.034898, -0.0258859, 0.0393082
17.0086, -0.0366237, -0.0295291, 0.0396917
17.0591, -0.0391164, -0.0339392, 0.0400751
17.1097, -0.0414174, -0.0379659, 0.0400751
17.1604, -0.0431431, -0.0404586, 0.0402669
17.2105, -0.0435266, -0.0418009, 0.0410339
17.2602, -0.0427596, -0.0423761, 0.0418009
17.3134, -0.0416091, -0.0427596, 0.0414174
17.3618, -0.0406504, -0.0421844, 0.0410339
17.4127, -0.0394999, -0.0398834, 0.0416091
17.4629, -0.0370072, -0.0381577, 0.0425679
17.5153, -0.034131, -0.0368154, 0.0431431
17.5632, -0.0320218, -0.0362402, 0.0429514
17.615, -0.031063, -0.035665, 0.0427596
17.666, -0.0320218, -0.035665, 0.0425679
17.7156, -0.0343227, -0.0370072, 0.0421844
17.7656, -0.0371989, -0.0383494, 0.0414174
17.8162, -0.0402669, -0.0393082, 0.0404586
17.8672, -0.0433348, -0.0393082, 0.0398834
17.9168, -0.0450606, -0.0391164, 0.0404586
17.9668, -0.0452523, -0.0394999, 0.0418009
18.0179, -0.0448688, -0.0414174, 0.0416091
18.0693, -0.0439101, -0.0437183, 0.0408421
18.1207, -0.0433348, -0.0448688, 0.0396917
18.1691, -0.0429514, -0.0441018, 0.0385412
18.2208, -0.0423761, -0.0423761, 0.0383494
18.2716, -0.0421844, -0.0408421, 0.0385412
18.3219, -0.0406504, -0.0373907, 0.0389247
18.3714, -0.0385412, -0.034131, 0.0398834
18.4211, -0.0362402, -0.0314465, 0.0406504
18.4739, -0.0347062, -0.0316383, 0.0402669
18.5666, -0.034131, -0.0324053, 0.0398834
18.5748, -0.0345145, -0.0335557, 0.0396917
18.625, -0.0352815, -0.034898, 0.0404586
18.6742, -0.0352815, -0.0366237, 0.0410339
18.7253, -0.0343227, -0.0375824, 0.0412256
18.7759, -0.0327888, -0.0375824, 0.0410339
18.8279, -0.0314465, -0.035665, 0.0402669
18.8767, -0.031063, -0.0327888, 0.0404586
18.9275, -0.0314465, -0.0289538, 0.0400751
18.9776, -0.0324053, -0.0274198, 0.0396917
19.0291, -0.0335557, -0.0270363, 0.0400751
19.0783, -0.0347062, -0.0278033, 0.0402669
19.1289, -0.0354732, -0.0283786, 0.0404586
19.1791, -0.0362402, -0.0279951, 0.0410339
19.2317, -0.0360485, -0.0283786, 0.0412256
19.2801, -0.0352815, -0.0297208, 0.0416091
19.3303, -0.0343227, -0.0312548, 0.0418009
19.3833, -0.0339392, -0.0312548, 0.0419926
19.4337, -0.0339392, -0.0297208, 0.0425679
19.4833, -0.0335557, -0.0276116, 0.0429514
19.5323, -0.0335557, -0.0251189, 0.0427596
19.5842, -0.034898, -0.0222427, 0.0427596
19.6337, -0.0377742, -0.01975, 0.0429514
19.6836, -0.0402669, -0.018216, 0.0433348
19.7349, -0.0406504, -0.017449, 0.0441018
19.7852, -0.0393082, -0.0168737, 0.0446771
19.8352, -0.0381577, -0.0168737, 0.0450606
19.8869, -0.0368154, -0.0168737, 0.0452523
19.9377, -0.0347062, -0.0176407, 0.0462111
19.9876, -0.0331722, -0.0184077, 0.0464028
20.0366, -0.032597, -0.0187912, 0.0460193
20.0882, -0.03183, -0.0176407, 0.0464028
20.1371, -0.0306795, -0.0161068, 0.0471698
20.1911, -0.030296, -0.0149563, 0.0473615
20.2387, -0.0308713, -0.0149563, 0.047745
20.2894, -0.032597, -0.0155315, 0.0483203
20.3426, -0.0345145, -0.0164903, 0.047745
20.3936, -0.036432, -0.016682, 0.047745
20.441, -0.0381577, -0.0161068, 0.0479368
20.4909, -0.0396917, -0.0168737, 0.0481285
20.5431, -0.0404586, -0.0178325, 0.0483203
20.5935, -0.0402669, -0.0187912, 0.048512
20.6424, -0.0389247, -0.0199417, 0.0490873
20.6937, -0.0366237, -0.0203252, 0.0494708
20.7454, -0.034898, -0.0191747, 0.049279
20.7973, -0.0347062, -0.0161068, 0.049279
20.8459, -0.0354732, -0.0111213, 0.0490873
20.8957, -0.0362402, -0.00786163, 0.0496625
20.9462, -0.0370072, -0.0065194, 0.0496625
20.9961, -0.0377742, -0.0065194, 0.0496625
21.0459, -0.0381577, -0.00575241, 0.0496625
21.0976, -0.0383494, -0.00306795, 0.0496625
21.1476, -0.0379659, -0.000766988, 0.0504295
21.1986, -0.036432, -0.000191747, 0.05158
21.2482, -0.034131, -0.00421844, 0.05158
21.2992, -0.032597, -0.00843687, 0.0510047
21.3524, -0.03183, -0.0126553, 0.050813
21.3997, -0.0322135, -0.0147645, 0.0502377
21.4506, -0.0327888, -0.0153398, 0.0496625
21.5025, -0.033364, -0.015148, 0.0498542
21.5532, -0.034898, -0.0132306, 0.0496625
21.6019, -0.0373907, -0.0115048, 0.0498542
21.6522, -0.0394999, -0.0111213, 0.0498542
21.7035, -0.0402669, -0.0126553, 0.0490873
21.7535, -0.0398834, -0.0147645, 0.047745
21.8032, -0.0394999, -0.0172572, 0.0452523
21.854, -0.0393082, -0.0214757, 0.0437183
21.9059, -0.0387329, -0.0245436, 0.0425679
21.9546, -0.0383494, -0.0264611, 0.0389247
22.0059, -0.0381577, -0.0278033, 0.0360485
22.0554, -0.0391164, -0.0258859, 0.0331722
22.1062, -0.0408421, -0.0226262, 0.0293373
22.1582, -0.0406504, -0.0199417, 0.0270363
22.2087, -0.0381577, -0.01975, 0.0241601
22.2577, -0.035665, -0.0222427, 0.0212839
22.31, -0.0350897, -0.0256941, 0.0180242
22.3583, -0.0345145, -0.0289538, 0.0147645
22.4096, -0.033364, -0.0339392, 0.0176407
22.4619, -0.0335557, -0.0419926, 0.0239684
22.5119, -0.0329805, -0.0538809, 0.0287621
22.5606, -0.0387329, -0.0720969, 0.0220509
22.6121, -0.0381577, -0.081876, 0.0109296
22.6634, -0.0306795, -0.0887789, 0.01975
22.7121, -0.0256941, -0.101434, 0.0285703
22.8096, -0.0228179, -0.122718, 0.0293373
22.8577, -0.0253106, -0.149179, 0.0289538
22.8656, -0.030296, -0.17775, 0.0283786
22.9134, -0.0337475, -0.202485, 0.0276116
22.9642, -0.0329805, -0.21955, 0.0262694
23.0157, -0.0306795, -0.233164, 0.0255024
23.066, -0.0291456, -0.247546, 0.0253106
23.1597, -0.0289538, -0.262694, 0.0241601
23.1664, -0.0295291, -0.276883, 0.0228179
23.2179, -0.0291456, -0.288388, 0.0214757
23.2683, -0.0274198, -0.295866, 0.01975
23.362, -0.0241601, -0.301235, 0.0170655
23.3705, -0.0203252, -0.304111, 0.0118883
23.4211, -0.0172572, -0.303919, 0.0065194
23.4706, -0.0162985, -0.301618, 0.00249271
23.521, -0.0176407, -0.29855, -0.00153398
23.5701, -0.0218592, -0.293565, -0.00613591
23.623, -0.0272281, -0.285703, -0.0109296
23.7166, -0.0331722, -0.272856, -0.015915
23.7654, -0.0419926, -0.246395, -0.0241601
23.7724, -0.050046, -0.206128, -0.0373907
23.8245, -0.0596334, -0.149946, -0.0533057
23.8733, -0.0465945, -0.105269, -0.0617426
23.924, -0.0368154, -0.0753566, -0.064427
24.0176, -0.0276116, -0.0538809, -0.0611673
24.0259, -0.0331722, -0.0577159, -0.0579076
24.0762, -0.0343227, -0.0554149, -0.0602086
24.1252, -0.034898, -0.0561819, -0.0580994
24.176, -0.0358567, -0.0609756, -0.0559902
24.2287, -0.0345145, -0.0628931, -0.0617426
24.2779, -0.033364, -0.065194, -0.0628931
24.3264, -0.032597, -0.0602086, -0.0615508
24.38, -0.0301043, -0.0554149, -0.0571406
24.4302, -0.0216674, -0.0487038, -0.0448688
24.4799, -0.00901211, -0.0521552, -0.0337475
24.5303, -0.00747814, -0.0548397, -0.0207087
24.5815, -0.0220509, -0.0542644, -0.00575241
24.6317, -0.0233931, -0.050046, 0.0097791
24.6824, -0.00997085, -0.0433348, 0.0243519
24.7309, 0.00345145, -0.0414174, 0.0375824
24.7819, 0.00786163, -0.0410339, 0.0496625
24.8331, 0.0120801, -0.0377742, 0.0688372
24.8824, 0.0122718, -0.0383494, 0.0845605
24.9342, 0.00786163, -0.0387329, 0.0960653
24.9853, 0.00536892, -0.0362402, 0.111022
25.0339, 0.0069029, -0.0337475, 0.122718
25.0847, 0.0193665, -0.0322135, 0.125019
25.1356, 0.0343227, -0.0291456, 0.126937
25.1879, 0.0450606, -0.0260776, 0.131539
25.2366, 0.05158, -0.0209004, 0.133264
25.2861, 0.0533057, -0.0153398, 0.133264
25.339, 0.0506212, -0.0124636, 0.134798
25.3902, 0.0458276, -0.0149563, 0.137674
25.4374, 0.0398834, -0.0172572, 0.137866
25.4882, 0.0337475, -0.0172572, 0.138633
25.5401, 0.0279951, -0.0176407, 0.139975
25.5902, 0.0222427, -0.0184077, 0.140934
25.6408, 0.0157233, -0.0195582, 0.142468
25.6907, 0.00997085, -0.0209004, 0.14266
25.7415, 0.00306795, -0.0214757, 0.144386
25.7915, -0.00345145, -0.0228179, 0.144961
25.8431, -0.00997085, -0.0239684, 0.146495
25.8934, -0.0149563, -0.0262694, 0.147454
25.9439, -0.0193665, -0.0283786, 0.148221
25.9927, -0.0230097, -0.0312548, 0.148604
26.0436, -0.0258859, -0.0335557, 0.148221
26.0974, -0.0281868, -0.0354732, 0.148221
26.1463, -0.0301043, -0.0368154, 0.148604
26.1953, -0.0320218, -0.0385412, 0.148604
26.2456, -0.0335557, -0.0400751, 0.148221
26.2984, -0.0345145, -0.0410339, 0.147837
26.3474, -0.0350897, -0.0416091, 0.147645
26.3961, -0.035665, -0.0418009, 0.147645
26.4468, -0.0358567, -0.0418009, 0.147262
26.4998, -0.0362402, -0.0419926, 0.14707
26.5499, -0.036432, -0.0423761, 0.14707
26.5984, -0.0368154, -0.0423761, 0.14707
26.6492, -0.0368154, -0.0423761, 0.14707
26.7001, -0.0370072, -0.0425679, 0.14707
26.752, -0.0370072, -0.0425679, 0.147262
26.8018, -0.0370072, -0.0425679, 0.147262
26.8506, -0.0371989, -0.0423761, 0.14707
26.9024, -0.0371989, -0.0425679, 0.14707
26.9535, -0.0375824, -0.0427596, 0.14707
27.0042, -0.0377742, -0.0427596, 0.14707
27.0529, -0.0377742, -0.0427596, 0.146878
27.1058, -0.0379659, -0.0429514, 0.146878
27.1536, -0.0379659, -0.0429514, 0.146878
27.2056, -0.0379659, -0.0429514, 0.146687
27.2574, -0.0379659, -0.0431431, 0.146878
27.3081, -0.0381577, -0.0433348, 0.146878
27.3558, -0.0381577, -0.0433348, 0.146878
27.4071, -0.0383494, -0.0433348, 0.146878
27.4585, -0.0383494, -0.0433348, 0.146687
27.5083, -0.0385412, -0.0435266, 0.146687
27.5583, -0.0387329, -0.0435266, 0.146687
27.608, -0.0387329, -0.0437183, 0.146687
27.6599, -0.0387329, -0.0437183, 0.146687
27.7096, -0.0387329, -0.0439101, 0.146687
27.7594, -0.0387329, -0.0441018, 0.146687
27.8104, -0.0387329, -0.0441018, 0.146687
27.8611, -0.0387329, -0.0441018, 0.146687
27.9127, -0.0387329, -0.0442936, 0.146687
27.9617, -0.0387329, -0.0442936, 0.146687
28.0116, -0.0387329, -0.0444853, 0.146878
28.0647, -0.0387329, -0.0444853, 0.146878
28.1132, -0.0387329, -0.0444853, 0.146878
28.164, -0.0387329, -0.0444853, 0.146878
28.2167, -0.0387329, -0.0442936, 0.146878
28.2657, -0.0387329, -0.0444853, 0.146878
28.3155, -0.0387329, -0.0444853, 0.146878
28.3652, -0.0387329, -0.0444853, 0.146878
28.4182, -0.0387329, -0.0444853, 0.146878
28.4671, -0.0387329, -0.0446771, 0.146878
28.5176, -0.0387329, -0.0446771, 0.146878
28.5676, -0.0389247, -0.0446771, 0.146878
28.6196, -0.0389247, -0.0446771, 0.14707
28.6684, -0.0389247, -0.0446771, 0.14707
28.7184, -0.0391164, -0.0446771, 0.14707
28.7708, -0.0391164, -0.0446771, 0.14707
28.8231, -0.0391164, -0.0446771, 0.14707
28.8718, -0.0391164, -0.0444853, 0.14707
28.9204, -0.0391164, -0.0444853, 0.14707
28.9712, -0.0391164, -0.0444853, 0.14707
29.023, -0.0391164, -0.0444853, 0.14707
29.0719, -0.0391164, -0.0444853, 0.14707
29.1246, -0.0391164, -0.0444853, 0.14707
29.1747, -0.0393082, -0.0444853, 0.14707
29.2252, -0.0391164, -0.0444853, 0.14707
29.2753, -0.0391164, -0.0444853, 0.14707
29.325, -0.0393082, -0.0444853, 0.14707
29.3785, -0.0393082, -0.0446771, 0.14707
29.4256, -0.0393082, -0.0446771, 0.14707
29.4767, -0.0391164, -0.0446771, 0.14707
29.5263, -0.0391164, -0.0446771, 0.14707
29.578, -0.0393082, -0.0446771, 0.14707
29.628, -0.0393082, -0.0446771, 0.14707
29.6782, -0.0393082, -0.0446771, 0.14707
29.7303, -0.0393082, -0.0448688, 0.14707
29.7804, -0.0393082, -0.0448688, 0.14707
29.8292, -0.0393082, -0.0448688, 0.14707
29.8801, -0.0394999, -0.0446771, 0.14707
29.9298, -0.0393082, -0.0448688, 0.14707
29.9831, -0.0393082, -0.0446771, 0.14707
30.032, -0.0393082, -0.0444853, 0.14707
30.0814, -0.0394999, -0.0444853, 0.14707
30.1326, -0.0391164, -0.0444853, 0.147262
30.1851, -0.0393082, -0.0444853, 0.14707
30.2328, -0.0393082, -0.0444853, 0.14707
30.2837, -0.0393082, -0.0444853, 0.146878
30.3346, -0.0391164, -0.0446771, 0.14707
30.3853, -0.0393082, -0.0444853, 0.146878
30.4354, -0.0391164, -0.0446771, 0.14707
30.4862, -0.0393082, -0.0444853, 0.146878
30.5371, -0.0393082, -0.0446771, 0.146878
30.6305, -0.0393082, -0.0446771, 0.14707
30.6373, -0.0394999, -0.0446771, 0.146878
30.6872, -0.0393082, -0.0444853, 0.14707
30.7391, -0.0394999, -0.0444853, 0.146878
30.788, -0.0394999, -0.0444853, 0.146878
30.8387, -0.0393082, -0.0444853, 0.14707
30.8885, -0.0394999, -0.0444853, 0.146878
30.9422, -0.0394999, -0.0446771, 0.14707
30.9902, -0.0394999, -0.0446771, 0.14707
31.0415, -0.0394999, -0.0446771, 0.14707
31.093, -0.0394999, -0.0446771, 0.14707
31.145, -0.0394999, -0.0446771, 0.14707
31.1931, -0.0394999, -0.0448688, 0.14707
31.2436, -0.0393082, -0.0448688, 0.14707
31.2946, -0.0393082, -0.0448688, 0.14707
31.3458, -0.0394999, -0.0448688, 0.14707
31.3937, -0.0394999, -0.0450606, 0.14707
31.4451, -0.0396917, -0.0450606, 0.14707
31.4964, -0.0396917, -0.0448688, 0.147262
31.5464, -0.0396917, -0.0450606, 0.147262
31.5961, -0.0396917, -0.0450606, 0.147262
31.647, -0.0396917, -0.0450606, 0.147262
31.6978, -0.0396917, -0.0450606, 0.147262
31.7478, -0.0398834, -0.0448688, 0.147262
31.7984, -0.0398834, -0.0448688, 0.147262
31.8961, -0.0396917, -0.0448688, 0.147262
31.9438, -0.0396917, -0.0450606, 0.147262
31.9499, -0.0396917, -0.0450606, 0.147454
31.9996, -0.0396917, -0.0450606, 0.147454
32.053, -0.0398834, -0.0450606, 0.147454
32.1023, -0.0398834, -0.0450606, 0.147454
32.1511, -0.0396917, -0.0450606, 0.147454
32.2009, -0.0396917, -0.0452523, 0.147454
32.2529, -0.0398834, -0.0452523, 0.147454
32.3027, -0.0398834, -0.0452523, 0.147454
32.3524, -0.0398834, -0.0454441, 0.147454
32.4032, -0.0398834, -0.0454441, 0.147454
32.455, -0.0398834, -0.0454441, 0.147454
32.5064, -0.0398834, -0.0454441, 0.147454
32.5558, -0.0398834, -0.0454441, 0.147454
32.6524, -0.0400751, -0.0456358, 0.147454
32.6574, -0.0400751, -0.0456358, 0.147454
32.7061, -0.0400751, -0.0454441, 0.147454
32.7584, -0.0400751, -0.0456358, 0.147454
32.8067, -0.0400751, -0.0454441, 0.147454
32.8606, -0.0400751, -0.0454441, 0.147454
32.9084, -0.0400751, -0.0454441, 0.147454
32.9599, -0.0400751, -0.0454441, 0.147645
33.009, -0.0400751, -0.0456358, 0.147645
33.0632, -0.0400751, -0.0456358, 0.147645
33.1115, -0.0398834, -0.0456358, 0.147645
33.1619, -0.0400751, -0.0456358, 0.147645
33.2129, -0.0400751, -0.0456358, 0.147645
33.2636, -0.0398834, -0.0456358, 0.147645
33.3122, -0.0400751, -0.0458276, 0.147645
33.3634, -0.0400751, -0.0456358, 0.147645
33.4146, -0.0398834, -0.0456358, 0.147645
33.4646, -0.0398834, -0.0456358, 0.147645
33.5154, -0.0400751, -0.0456358, 0.147837
33.5653, -0.0400751, -0.0456358, 0.147645
33.6161, -0.0398834, -0.0456358, 0.147454
33.6659, -0.0398834, -0.0456358, 0.147645
